Player,Team,AGE,FGM LESS THAN 5FT.,FGA LESS THAN 5FT.,FG% LESS THAN 5FT.,FGM 5-9 FT.,FGA 5-9 FT.,FG% 5-9 FT.,FGM 10-14 FT.,FGA 10-14 FT.,FG% 10-14 FT.,FGM 15-19 FT.,FGA 15-19 FT.,FG% 15-19 FT.,FGM 20-24 FT.,FGA 20-24 FT.,FG% 20-24 FT.,FGM 25-29 FT.,FGA 25-29 FT.,FG% 25-29 FT.
Aaron Brooks,MIN,33,0.3,0.6,46.7,0.1,0.3,25,0.3,0.5,55.6,0.1,0.2,75,0.2,0.4,54.5,0.2,0.7,26.3
Aaron Gordon,ORL,22,3.2,4.9,66.7,0.2,0.9,20,0.4,1.2,35.7,0.5,1.8,29.8,0.7,2.1,35.3,1.4,4.1,33.5
Aaron Harrison,DAL,23,0.6,1,55.6,0.1,0.2,50,0.1,0.4,25,0.3,1.1,30,0.4,2.6,17.4,0.6,2.3,23.8
Aaron Jackson,HOU,32,1,4,25,1,1,100,0,0,0,0,0,0,1,2,50,0,2,0
Abdel Nader,BOS,24,0.4,1.1,40.4,0.1,0.5,20,0,0.1,20,0,0.1,0,0.3,0.7,38.7,0.3,0.8,32.4
Adreian Payne,ORL,27,0.4,0.4,100,0.3,0.3,100,0,0,0,0.3,0.5,50,1,1.3,75,0,0.3,0
Al Horford,BOS,32,1.9,2.9,67.5,0.8,1.9,40.7,0.5,1.4,37.3,0.4,0.9,49.2,0.5,1.2,39.5,1,2.2,44.1
Al Jefferson,IND,33,1.3,2,61.6,0.7,1.4,51,0.7,1.1,63.2,0.5,1.2,39,0,0.2,16.7,0,0,0
Al-Farouq Aminu,POR,27,1.2,2.1,58.9,0.2,0.7,24.5,0,0.2,16.7,0,0.4,11.1,1,2.5,41.3,0.8,2.6,31.8
Alan Williams,PHX,25,0.8,1.4,57.1,0.6,1.6,37.5,0,0.6,0,0,0,0,0,0,0,0,0,0
Alec Burks,UTA,26,1.2,2.1,56.8,0.2,0.8,29.2,0.2,0.7,34.1,0.2,0.6,38.9,0.4,1.2,37.8,0.4,1.2,30.3
Alec Peters,PHX,23,0.4,0.6,66.7,0,0,0,0,0,0,0.1,0.2,50,0.4,1.3,28,0.6,1.6,34.4
Alex Abrines,OKC,24,0.3,0.6,54.8,0,0.1,28.6,0.1,0.1,62.5,0,0.1,0,0.5,1.5,36.8,0.6,1.6,39.3
Alex Caruso,LAL,24,0.8,1.1,70.7,0.1,0.3,30,0.1,0.4,23.1,0.1,0.2,25,0.1,0.4,28.6,0.3,0.8,32.1
Alex Len,PHX,25,2.8,4.7,60.4,0.1,0.3,36.8,0.1,0.3,50,0,0.2,18.2,0,0.1,0,0,0,50
Alex Poythress,IND,24,0.3,0.5,58.3,0,0.1,0,0,0,0,0,0.1,0,0.1,0.2,50,0.1,0.3,28.6
Alfonzo McKinnie,TOR,25,0.1,0.1,100,0.2,0.3,66.7,0,0,0,0.2,0.2,100,0.2,0.5,40,0.1,0.4,25
Allen Crabbe,BKN,26,0.9,1.2,69.9,0.3,0.7,40,0.2,0.6,33.3,0.3,0.7,42.3,1.1,3.2,35.4,1.7,4.4,38.1
Amir Johnson,PHI,31,1.3,2.1,64.1,0.4,0.8,46.6,0,0.1,20,0,0.1,50,0.1,0.2,33.3,0.1,0.3,31.6
Andre Drummond,DET,24,5.3,8.6,60.9,0.5,1.9,28.8,0.2,0.6,29.8,0,0,0,0,0,0,0,0,0
Andre Iguodala,GSW,34,1.3,1.8,74.6,0.1,0.3,22.7,0.1,0.3,40,0.2,0.6,35,0.2,0.7,27.9,0.4,1.2,31.6
Andre Ingram,LAL,32,0,0.5,0,0,0.5,0,1.5,2,75,0,1,0,0.5,0.5,100,2,4,50
Andre Roberson,OKC,26,2,3.2,63.7,0,0,0,0,0,0,0,0,0,0.1,0.7,19.2,0.1,0.2,37.5
Andrew Bogut,LAL,33,0.6,0.8,77.8,0.1,0.2,50,0,0.1,0,0,0,100,0,0,0,0,0,0
Andrew Harrison,MEM,23,1.5,2.6,55.8,0.2,0.6,37.1,0.2,0.4,37.5,0.4,1,37.9,0.4,1.4,30.9,0.5,1.4,37
Andrew White III,ATL,25,0.3,0.8,33.3,0.1,0.1,100,0.1,0.2,33.3,0.1,0.3,25,0.6,1.9,34.6,0.6,1.8,33.3
Andrew Wiggins,MIN,23,3,4.5,65.6,0.9,1.9,44,0.7,1.9,34.8,0.8,2.3,33.5,0.9,2.6,35.2,0.8,2.5,30.5
Ante Zizic,CLE,21,1.5,1.8,80.4,0.4,0.7,62.5,0,0.2,25,0,0,100,0,0,0,0,0,0
Anthony Brown,MIN,25,0,0,0,0,0,0,0,0,0,-,-,-,1,1,100,0,0,0
Anthony Davis,NOP,25,6.1,8.5,72.6,1.2,2.8,43,1.1,2.5,44.1,1,2.7,35,0.5,1.5,33.3,0.5,1.5,34.5
Anthony Tolliver,DET,33,0.6,1,63.3,0.1,0.2,28.6,0,0.1,37.5,0,0,33.3,0.7,1.8,41,1.3,2.9,45.4
Antonio Blakeney,CHI,21,0.8,1.6,51.6,0.1,0.5,20,0.2,0.6,33.3,0.6,1.3,41.7,0.9,2.3,40.5,0.2,1.3,16.7
Antonius Cleveland,ATL,24,0.1,0.3,40,0,0.1,0,0,0.2,0,0.1,0.4,20,0.2,0.4,50,0.1,0.1,100
Aron Baynes,BOS,31,1.3,2.5,52.7,0.3,0.8,41.9,0.4,0.9,43.2,0.5,1,50,0.1,0.3,24,0,0.1,20
Arron Afflalo,ORL,32,0.3,0.4,60.9,0.1,0.2,50,0.1,0.4,30,0.2,0.5,35.7,0.3,0.9,34,0.2,0.5,41.4
Austin Rivers,LAC,25,2.6,4.8,53.1,0.4,1.3,31.3,0.3,0.8,34,0.1,0.3,37.5,0.8,2,39.5,1.5,4,36.6
Avery Bradley,LAC,27,2.1,3.8,55.5,0.4,1.1,34,0.4,1.1,33.3,0.8,2,40.7,1.2,3.3,36.4,0.8,2.3,33.3
Bam Adebayo,MIA,20,2.2,3.7,59.5,0.2,0.6,30.8,0.1,0.4,26.9,0.1,0.2,33.3,0,0,0,0,0,0
Ben McLemore,MEM,25,1.1,2,55.8,0.1,0.4,29.2,0.2,0.3,62.5,0.2,0.7,33.3,0.6,1.6,35.9,0.6,1.6,35.6
Ben Moore,IND,23,0,0,0,0,0,0,0,0,0,0,0,0,0,0,0,0,0,0
Ben Simmons,PHI,21,5,7.2,69.3,0.9,2.5,37.3,0.6,1.9,31.8,0.2,0.5,34.9,0,0,33.3,0,0,0
Bismack Biyombo,ORL,25,1.7,2.8,62.7,0.3,0.8,34.8,0.1,0.5,28.9,0.1,0.2,31.3,0,0,0,0,0,0
Blake Griffin,DET,29,4,6.4,62.6,0.7,2.2,33.1,0.1,0.8,18.2,0.5,1.5,35.2,0.9,2.5,34.7,1.2,3.6,33.2
Boban Marjanovic,LAC,29,1.6,2.6,62.5,0.4,1,40,0.1,0.3,33.3,0,0.2,20,0,0,0,0,0,0
Bobby Brown,HOU,33,0.2,0.4,57.1,0,0.1,0,0.1,0.4,40,0.1,0.2,50,0.2,0.4,57.1,0.4,1.6,25
Bobby Portis,CHI,23,2.3,4.3,54.2,0.6,1.2,51.2,0.4,0.9,49.2,0.6,1.1,49.4,0.5,1.6,33.9,0.8,2,38.5
Bogdan Bogdanovic,SAC,25,1.1,1.9,56.6,0.3,0.7,36.2,0.5,1.1,48.2,0.5,1.2,40,1.2,2.3,50.6,0.9,2.5,35.1
Bojan Bogdanovic,IND,29,2,3.2,60.5,0.4,0.9,45.7,0.4,0.8,44.8,0.4,0.8,45.3,0.9,2,42.9,1.1,2.9,38.6
Bradley Beal,WAS,25,2.9,4.5,63.9,0.4,1.1,36,0.9,2,43,1.3,2.9,44,1.2,2.8,41.5,1.7,4.7,37.1
Brandan Wright,HOU,30,1.8,2.7,66.7,0.1,0.5,30.8,0.1,0.4,36.4,0,0.1,33.3,0,0,0,0,0,0
Brandon Ingram,LAL,20,3.5,5.8,59.8,0.2,1,18.3,0.4,1.3,31.6,1,2.3,42.2,0.7,1.6,45.3,0.3,0.9,35.8
Brandon Jennings,MIL,28,0.6,0.9,61.5,0,0.4,0,0.2,0.6,37.5,0.5,0.9,58.3,0.1,0.6,25,0.5,1.9,26.9
Brandon Paul,SAS,27,0.6,0.9,66,0.1,0.1,60,0,0.1,20,0,0.2,22.2,0.1,0.5,25.9,0.2,0.5,33.3
Briante Weber,MEM,25,0.4,0.8,50,0.2,0.5,37.5,0.1,0.2,33.3,0.2,0.4,50,0.1,0.3,50,0.2,0.4,37.5
Brice Johnson,MEM,24,0.9,1.3,66.7,0,0.3,0,0.1,0.1,100,0.3,0.6,50,0,0.4,0,0,0.1,0
Brook Lopez,LAL,30,1.8,2.6,70.8,0.9,2,46.6,0.5,1.2,40.7,0.2,0.5,41.2,0.5,1.1,41.5,1.1,3.3,32.2
Bruno Caboclo,SAC,22,0.3,0.4,60,0,0.3,0,0.3,0.5,60,0,0.1,0,0.2,1,18.2,0.1,0.6,16.7
Bryn Forbes,SAS,24,0.3,0.6,53.1,0.4,0.8,48.5,0.2,0.6,37.8,0.5,1.1,43.9,0.7,1.6,41.5,0.6,1.7,35.9
Buddy Hield,SAC,24,1.4,2.4,56.7,0.3,0.7,37,0.3,0.9,32.4,0.9,1.9,44.7,1.3,2.9,42.9,1.2,2.8,42.3
C.J. Williams,LAC,28,1.1,1.4,73.1,0.2,0.6,33.3,0.3,0.6,50,0.2,0.5,38.9,0.4,1.3,30.4,0.3,1,26.3
CJ McCollum,POR,26,2.1,4.1,51.7,0.9,2.1,41,1.2,2.4,49.5,1.3,3.1,42.7,1.2,3.1,39.6,1.4,3.5,39.5
CJ Miles,TOR,31,0.6,1,61.8,0.1,0.4,21.4,0.1,0.2,40,0.1,0.3,36.8,0.9,2.4,36.5,1.5,4.1,35.7
Caleb Swanigan,POR,21,0.8,1.5,51.4,0.1,0.4,28.6,0,0.1,50,0,0.1,0,0,0.3,14.3,0,0.2,25
Cameron Payne,CHI,23,1.2,2.2,55.4,0.4,1.2,31,0,0.6,6.7,0.2,0.5,46.2,0.6,1.3,45.5,1,2.6,37.9
Caris LeVert,BKN,23,2.3,4.1,57.3,0.4,1.1,36.3,0.3,0.9,37.5,0.2,0.6,28.9,0.5,1.4,34,0.8,2.2,35
Carmelo Anthony,OKC,34,1.1,2,54.1,0.2,0.7,33.9,1,2.2,45,1.2,2.8,42,1.3,3.7,35.1,1.3,3.6,35.8
Cedi Osman,CLE,23,0.7,1,66.1,0.1,0.2,77.8,0.1,0.1,57.1,0.2,0.4,47.4,0.4,1.1,34.5,0.2,0.6,38.2
Chandler Parsons,MEM,29,0.8,1.2,62.8,0.1,0.3,41.7,0.3,0.5,50,0.2,0.7,30.8,0.8,1.4,53.8,0.9,2.3,37.8
Channing Frye,LAL,35,0.7,0.9,77.8,0.1,0.1,85.7,0.1,0.2,55.6,0.2,0.3,60,0.5,1.2,37.1,0.5,1.4,35.6
Charles Cooke,NOP,23,0,0.2,0,0.1,0.2,50,0,0,0,0,0.2,0,0.1,0.4,25,0,0.3,0
Cheick Diallo,NOP,21,1.4,2.1,69.3,0.3,0.5,48,0.3,0.6,48.1,0.1,0.4,33.3,0,0.1,20,0,0,0
Chinanu Onuaku,HOU,21,1,3,33.3,1,1,100,0,0,0,0,1,0,0,0,0,0,0,0
Chris Boucher,GSW,25,0,0,0,-,-,-,-,-,-,0,0,0,0,1,0,-,-,-
Chris McCullough,WAS,23,0.6,1,61.1,0,0.3,0,0.3,0.5,71.4,0.1,0.3,20,0,0,0,0.1,0.4,12.5
Chris Paul,HOU,33,1,1.6,61.7,0.5,1.1,44.4,1.2,2.4,47.9,1.1,1.9,58,0.9,2,46.6,1.6,4.5,36.2
Clint Capela,HOU,24,5.6,8.2,68.7,0.3,0.8,33.9,0.1,0.1,55.6,0,0,33.3,0,0,0,0,0,0
Cody Zeller,CHA,25,2,3.5,57.9,0.2,0.5,46.7,0,0.1,50,0.1,0.3,44.4,0.2,0.4,42.9,0,0.1,50
Cole Aldrich,MIN,29,0.2,0.7,30,0.1,0.3,40,0,0,0,0,0,0,0,0,0,0,0,0
Corey Brewer,OKC,32,1.4,2.5,56.7,0.1,0.2,30.8,0,0.1,0,0,0.1,42.9,0.4,1.2,32.6,0.1,0.3,25
Cory Joseph,IND,26,0.8,1.5,52.4,0.3,0.5,54.5,0.4,0.9,41.4,0.7,1.7,43,0.4,1.2,33.3,0.5,1.5,35.8
Courtney Lee,NYK,32,1.2,1.9,62.6,0.3,0.7,40.7,0.6,1.2,47.8,0.7,1.6,44,1,2.4,39.8,0.8,2,37.5
Cristiano Felicio,CHI,25,1.9,2.9,67.5,0.2,0.4,47.8,0,0.2,16.7,0.1,0.3,38.9,0,0.1,25,0,0,0
D'Angelo Russell,BKN,22,1.7,3,56.9,0.6,1.7,34.6,0.6,1.4,44.9,0.8,1.5,51.4,0.7,2.1,33,1.4,4.1,33.2
D.J. Augustin,ORL,30,1.2,2.3,53.2,0.1,0.5,29.7,0.1,0.3,42.9,0.2,0.3,48,0.5,1.1,43.8,1.1,2.7,42.2
D.J. Wilson,MIL,22,0.3,0.3,83.3,0.2,0.2,100,0,0,0,0,0.1,0,0.1,0.1,50,0.1,0.2,25
Dakari Johnson,OKC,22,0.6,1.2,55.2,0.1,0.2,50,0.1,0.2,60,0,0,100,0,0,0,0,0,0
Damian Jones,GSW,23,0.7,1,66.7,0.1,0.2,50,0,0.1,0,0,0.2,0,0,0.1,0,0,0,0
Damian Lillard,POR,27,3.2,6,53.4,0.5,1,48.6,0.5,1.3,39.8,0.8,1.6,49.1,0.9,2.5,36.7,2.5,6.6,38.2
Damien Wilkins,IND,38,0.2,0.5,44.4,0.1,0.2,33.3,0.2,0.4,66.7,0,0.2,0,0.3,0.8,36.4,0,0.4,0
Damion Lee,ATL,25,1.7,2.8,61.9,0.3,1.2,27.8,0.5,1.2,44.4,0.3,0.7,50,0.8,2.3,34.3,0.4,1.8,22.2
Damyean Dotson,NYK,24,0.5,0.9,58.3,0.1,0.2,37.5,0.3,0.4,64.7,0.2,0.5,50,0.4,1,40,0.3,0.9,29.3
Daniel Hamilton,OKC,22,0.3,0.7,50,0,0,0,0.3,0.3,100,0,0.3,0,0.2,0.5,33.3,0.2,0.3,50
Daniel Theis,BOS,26,1.3,1.9,68.9,0.1,0.2,41.7,0.1,0.2,53.3,0.2,0.4,47.8,0.2,0.5,40,0.1,0.5,23.5
Danilo Gallinari,LAC,29,1.5,2.8,55.2,0.2,0.6,33.3,0.3,1.1,30.4,0.7,1.6,42.4,1,2.7,38.6,1,3.4,31
Danny Green,SAS,31,0.9,1.8,50.4,0.1,0.4,32.3,0.1,0.4,23.1,0.3,0.6,43.2,1,2.4,40.4,0.7,2.3,31.7
Dante Cunningham,BKN,31,1.2,2,61.4,0,0.2,16.7,0,0.2,23.1,0.1,0.2,42.9,0.7,1.9,38.6,0.1,0.5,26.5
Dante Exum,UTA,22,2.1,3.7,57.7,0.4,1,42.9,0.1,0.1,50,0,0,0,0.2,0.7,30,0.1,0.6,25
Danuel House,PHX,25,1.5,2.3,64.8,0.1,0.4,37.5,0,0,100,0,0.2,0,0.5,1.2,40.7,0.3,1.4,18.8
Dario Saric,PHI,24,2.2,3.6,62.1,0.3,0.9,35.2,0.1,0.4,32.1,0.3,1,34.2,0.6,1.5,39.7,1.6,4.1,38.7
Darius Miller,NOP,28,0.1,0.2,58.8,0,0.1,33.3,0.2,0.4,57.1,0.3,0.6,50,1,1.9,51.3,1,2.7,36.9
Darrell Arthur,DEN,30,0.4,0.4,85.7,0,0.1,0,0.1,0.4,16.7,0.3,0.3,80,0.5,0.9,50,0.2,0.6,27.3
Darren Collison,IND,30,1.5,2.5,61.8,0.1,0.3,17.4,0.1,0.3,47.6,1.1,2.4,44.8,1,2,49.3,0.8,1.7,47.5
Darrun Hilliard,SAS,25,0.1,0.2,33.3,0.1,0.4,20,0,0.1,0,0.2,0.2,66.7,0.1,0.3,33.3,0,0.3,0
David Nwaba,CHI,25,2.2,3.9,55.7,0.4,1.1,32.9,0.1,0.3,27.8,0,0,0,0.2,0.5,35.1,0.1,0.2,40
David Stockton,UTA,27,0,0,0,0,0,0,0,0,0,0,0,0,0,0,0,0.7,1,66.7
David West,GSW,37,1.5,2,73.8,0.3,0.8,38.2,0.4,0.8,54.4,0.7,1.3,51.6,0.1,0.3,25,0,0.1,50
Davis Bertans,SAS,25,0.6,0.8,77.6,0.1,0.2,35.3,0.1,0.2,60,0,0.2,21.4,0.4,1.1,39.2,0.9,2.6,36.9
Davon Reed,PHX,23,0.2,0.7,35.7,0.1,0.2,40,0.1,0.2,50,0.1,0.4,28.6,0.2,1.1,19,0.3,1.2,28
De'Aaron Fox,SAC,20,1.9,3.4,56.2,0.6,1.6,38.8,0.4,1.2,30,0.7,1.8,40.6,0.5,1.8,29.5,0.3,1,30.1
DeAndre Jordan,LAC,29,4.7,7,67,0.1,0.5,31.4,0,0,33.3,0,0,0,0,0,0,0,0,0
DeAndre Liggins,NOP,30,0.2,0.4,36,0.1,0.1,50,0,0,0,0.1,0.1,37.5,0.3,0.9,32.7,0.2,0.3,56.3
DeAndre' Bembry,ATL,23,1.3,2.6,48.5,0.2,0.6,26.7,0.2,0.5,30.8,0,0.1,50,0.3,0.6,43.8,0.2,0.5,30.8
DeMar DeRozan,TOR,28,2.7,4.4,62.3,1,2.1,47.6,1.5,3.5,41.5,1.4,3.2,43.7,0.9,2.5,34.3,0.6,1.9,34.5
DeMarcus Cousins,NOP,27,5,8.3,59.8,0.6,1.6,37.3,0.4,0.7,48.6,0.3,0.6,38.7,0.5,1.5,29.7,1.8,5.1,35.8
DeMarre Carroll,BKN,31,1.7,3,55.5,0.4,1.1,34.1,0.2,0.7,36.7,0.1,0.4,26.7,1.2,3,39.3,0.9,2.5,34.1
Dejounte Murray,SAS,21,1.9,3.6,53.8,0.5,1.3,41,0.5,1.4,33.6,0.4,1,36.8,0.1,0.4,29,0,0.1,22.2
Delon Wright,TOR,26,1.8,3.2,57.7,0.2,0.6,29.3,0.1,0.2,36.4,0,0.1,50,0.3,0.8,36.8,0.5,1.3,37
Demetrius Jackson,PHI,23,0.4,0.7,54.5,0,0,0,0,0,0,0,0,0,0,0.1,0,0.1,0.3,20
Dennis Schroder,ATL,24,3.2,6,52.7,0.4,1.1,37,0.9,2,42.2,1.6,3.3,47.7,0.8,2.3,32.9,0.7,2.2,30.6
Dennis Smith Jr.,DAL,20,3.1,5.5,55.5,0.2,0.8,24.6,0.2,1,18.2,0.5,1.6,30.4,0.9,2.7,35.1,1,3,32.1
Denzel Valentine,CHI,24,0.8,1.4,56.1,0.4,0.8,42.2,0.4,1,43.4,0.3,0.9,35.3,0.9,2.4,36.4,1.1,2.8,41.5
Derrick Favors,UTA,26,3.7,5.1,72.1,0.4,0.9,40.3,0.3,0.8,40,0.5,1.2,39.1,0.3,1,27.6,0,0.1,25
Derrick Jones Jr.,MIA,21,0.7,1.3,54.2,0.3,0.4,62.5,0,0.2,0,0,0,0,0.1,0.7,16.7,0.1,0.3,16.7
Derrick Rose,MIN,29,2.2,3.5,62.5,0.2,0.9,27.3,0.2,0.5,41.7,0.2,1,16,0.3,1,28,0.2,0.5,30.8
Derrick Walton Jr.,MIA,23,0,0,0,0,0,0,0,0.1,0,0,0.3,0,0.3,0.7,40,0.3,0.5,50
Derrick White,SAS,23,0.3,0.6,55.6,0.1,0.2,33.3,0.1,0.3,25,0.1,0.2,33.3,0.3,0.4,80,0.3,0.6,44.4
Derrick Williams,LAL,27,0.5,0.5,100,0,1,0,0,0,0,0,0,0,0,2,0,0,0,0
Devin Booker,PHX,21,2.4,4.2,57.7,0.7,2.1,33.3,1.2,2.9,40.8,1,2.2,46.3,1.2,3,40.5,1.9,4.8,38.3
Devin Harris,DEN,35,1.3,2.2,58.2,0.1,0.5,18.2,0.1,0.2,37.5,0.1,0.3,25,0.5,1.5,34.9,0.6,1.6,38.4
Devin Robinson,WAS,23,1,2,50,0,0,0,0,0,0,0,1,0,0,0,0,0,0,0
Dewayne Dedmon,ATL,28,1.9,2.5,74.4,0.3,0.7,45.5,0.4,0.9,43.9,0.5,1,50.8,0.7,1.7,38,0.3,0.8,32.7
Deyonta Davis,MEM,21,2,2.7,74.1,0.1,0.4,33.3,0.2,0.4,42.3,0.2,0.6,40,0.1,0.2,36.4,0,0,0
Dillon Brooks,MEM,22,1.9,3,61.9,0.4,0.9,45.3,0.3,0.9,36,0.2,0.9,20.8,0.6,1.5,38.6,0.7,2,36.4
Dion Waiters,MIA,26,2.5,4.4,55.6,0.2,0.6,26.3,0.2,0.5,42.9,0.5,1.6,34,1.2,3,39.3,0.9,3.5,26
Dirk Nowitzki,DAL,40,0.4,0.5,72.5,0.1,0.2,42.9,0.8,1.7,48.4,1.1,2.2,48,1,2.2,46.7,1.1,3,37.1
Domantas Sabonis,IND,22,3.1,4.9,61.9,0.5,1.3,41.5,0.3,0.7,41.2,0.4,1,35.6,0.2,0.6,38.3,0.1,0.4,33.3
Donovan Mitchell,UTA,21,3.2,5.5,58.7,0.6,1.5,40,0.5,1.4,38.2,0.6,1.3,42.7,1,2.6,37.9,1.6,4.7,33.8
Dorian Finney-Smith,DAL,25,1,1.5,64.5,0.1,0.3,28.6,0,0.2,0,0.1,0.4,37.5,0.6,1.8,35.1,0.4,1.6,23.5
Doug McDermott,DAL,26,1.3,2.2,61.5,0.2,0.3,44.4,0.1,0.3,34.6,0.1,0.5,23.3,0.6,1.4,42.5,0.6,1.5,41.1
Dragan Bender,PHX,20,0.7,1.3,54.8,0.1,0.4,25.8,0,0.1,20,0,0.1,11.1,0.7,1.9,35.1,0.8,2.1,37.1
Draymond Green,GSW,28,2.3,3.5,66,0.2,0.6,40.5,0.2,0.6,38.6,0.1,0.3,20.8,0.2,0.8,27.3,0.9,2.8,32
Dwayne Bacon,CHA,22,0.5,0.8,61.5,0.1,0.3,37.5,0.2,0.6,33.3,0.4,1.1,34,0.3,0.8,31.8,0,0.3,12.5
Dwight Buycks,DET,29,1.3,2.6,50.7,0.1,0.5,23.1,0.2,0.5,42.9,0.4,1.2,34.4,0.6,1.3,44.1,0.3,0.8,33.3
Dwight Howard,CHA,32,5,7.6,66,0.7,1.9,35.7,0.2,0.5,35.9,0.3,0.8,34.4,0.1,0.4,26.5,0,0,33.3
Dwight Powell,DAL,26,2.6,3.5,73.6,0.1,0.3,26.9,0.1,0.1,40,0.1,0.2,35.3,0.3,0.7,39.2,0.2,0.6,29.8
Dwyane Wade,MIA,36,2.3,3.6,63.6,0.4,1.1,38.4,0.4,1.7,26.1,0.7,1.9,40,0.2,1,24.2,0.3,1,35.4
E'Twaun Moore,NOP,29,1.8,2.9,63.4,1,1.8,56.8,0.4,0.8,42.6,0.2,0.6,37,1.2,2.5,47.8,0.5,1.5,35.7
Ed Davis,POR,29,1.9,3.1,62.4,0.2,0.5,38.5,0.1,0.1,44.4,0,0,0,0,0,0,0,0,0
Edmond Sumner,IND,22,1,1,100,0,0,0,0,0,0,0,0,0,0,0,0,0,0,0
Ekpe Udoh,UTA,31,0.7,1.1,65.3,0.2,0.5,33.3,0,0.2,23.1,0,0.1,0,0,0,0,0,0,0
Elfrid Payton,PHX,24,3.4,5.5,62.5,0.6,1.6,36.3,0.4,0.9,39,0.3,0.9,33.9,0.3,0.9,34.5,0.3,0.8,31.4
Emeka Okafor,NOP,35,1.3,2.2,56.9,0.2,0.5,33.3,0.2,0.5,38.5,0.2,0.5,50,0,0,0,0,0,0
Emmanuel Mudiay,NYK,22,1.4,2.8,50.6,0.2,0.8,28.8,0.3,1,36.1,0.4,1.2,34.7,0.4,1.1,40.6,0.3,1.3,25.9
Enes Kanter,NYK,26,4.5,6.9,65,0.9,1.9,48.5,0.3,0.6,45.7,0.3,0.6,45,0,0,0,0,0,0
Eric Bledsoe,MIL,28,3,4.5,65.2,0.4,1,41.3,0.5,1.1,44.3,0.6,1.4,42.5,0.6,1.8,35.1,1.2,3.4,36.4
Eric Gordon,HOU,29,2.4,3.9,62.8,0.2,0.7,32.7,0.1,0.3,29.2,0,0.2,27.3,0.8,2.1,39.4,2.3,6.5,35
Eric Moreland,DET,26,0.8,1.3,61.6,0.1,0.3,40.9,0.1,0.2,36.4,0,0,0,0,0,0,0,0,0
Erik McCree,UTA,24,0,0.3,0,0,0,0,0,0,0,0,0,0,0,0,0,0,0.3,0
Ersan Ilyasova,PHI,31,1.9,3.1,59,0.1,0.4,33.3,0.2,0.5,47.2,0.3,0.7,39.2,0.8,2.1,39.9,0.7,1.9,33.6
Evan Fournier,ORL,25,2.4,4,60.5,0.6,1.2,45.1,0.4,1.1,33.9,0.6,1.1,51.6,1.1,2.6,42.4,1.4,4,35.8
Evan Turner,POR,29,0.7,1.2,63,0.5,1.1,44.3,0.8,1.9,44.9,0.6,1.4,44.9,0.4,1.4,30.8,0.2,0.5,38.9
Frank Kaminsky,CHA,25,1.2,2.1,59.1,0.7,1.7,38.4,0.5,1.1,44.2,0.2,0.6,27.1,0.2,0.7,32.8,1.1,2.8,39
Frank Mason,SAC,24,1.1,2.6,42.2,0.3,0.9,31.3,0.2,0.6,34.4,0.3,0.9,31.9,0.6,1.2,49.2,0.3,1,32
Frank Ntilikina,NYK,19,0.7,1.4,52.8,0.1,0.3,24,0.2,0.7,32.1,0.3,1.1,28.6,0.6,1.6,36,0.4,1.2,34.4
Fred VanVleet,TOR,24,1.4,2.9,49.1,0.1,0.4,32.3,0,0.2,5.9,0.1,0.2,33.3,0.7,1.5,44.8,0.8,1.9,40.1
Furkan Korkmaz,PHI,20,0.2,0.2,100,0,0.2,0,0,0.3,0,0,0.3,0,0,0.3,0,0.4,1,35.7
Garrett Temple,SAC,32,0.7,1.3,56.5,0.1,0.3,27.8,0.2,0.5,46.9,0.5,1.3,37.8,0.9,2.3,38.9,0.6,1.6,40
Gary Harris,DEN,23,2.7,4.1,66.8,0.4,0.9,41,0.5,1,48.5,0.4,1.1,38.2,1.3,3.3,39.6,1.2,3,39.6
Gary Payton II,LAL,25,0.9,1.6,55.6,0.1,0.2,50,0,0.3,0,0.1,0.1,66.7,0.1,0.6,23.1,0.2,0.6,25
George Hill,CLE,32,1.1,1.6,66.7,0.3,0.9,37.3,0.3,0.7,44.9,0.4,1,38.8,0.9,1.9,44.6,0.5,1.4,36.1
Georges Niang,UTA,25,0.3,0.4,66.7,0.3,0.4,66.7,0,0.2,0,0,0,0,0,0.5,0,0,0.1,0
Georgios Papagiannis,POR,20,0.5,1.2,42.9,0.1,0.4,16.7,0.3,0.4,66.7,0.3,0.5,50,0,0.1,0,0,0,0
Gerald Green,HOU,32,0.7,1.3,53.7,0.1,0.3,45.5,0.3,0.6,50,0.3,0.5,50,1,3,34.1,1.7,4.4,39.2
Gian Clavell,DAL,24,0,0,0,0,0.1,0,0,0.1,0,0,0,0,0.7,1.7,40,0.3,0.9,33.3
Giannis Antetokounmpo,MIL,23,6.8,9.7,70.2,0.8,2,38.6,0.6,1.8,35.6,0.7,2.2,32.1,0.6,1.5,36.8,0.4,1.5,29.4
Glenn Robinson III,IND,24,0.5,1,54.5,0.1,0.3,42.9,0.1,0.3,42.9,0.1,0.6,23.1,0.5,1,52.2,0.1,0.6,23.1
Goran Dragic,MIA,32,2.8,4.9,57.2,0.6,1.4,39.6,0.9,2.1,43.4,0.6,1.7,36.2,0.6,1.5,41.3,0.9,2.7,35.5
Gordon Hayward,BOS,28,0,0,0,1,1,100,0,0,0,0,0,0,0,0,0,0,1,0
Gorgui Dieng,MIN,28,0.9,1.5,59.3,0.1,0.4,34.5,0.3,0.6,51.1,0.4,1,40.7,0.6,1.3,44.7,0,0.1,33.3
Greg Monroe,BOS,28,3.5,5.4,64.4,0.5,1.5,33.8,0.1,0.3,38.5,0.2,0.4,50,0,0.1,33.3,0,0,0
Guerschon Yabusele,BOS,22,0.3,0.5,68.8,0,0,0,0,0,0,0.1,0.1,66.7,0.1,0.5,21.4,0.3,0.9,37
Harrison Barnes,DAL,26,2.5,4.2,58.2,1,2.3,44.9,0.6,1.8,35.8,0.9,2.1,42.4,1.2,2.9,40.3,0.8,2.3,33.9
Hassan Whiteside,MIA,29,3.9,5.9,66.3,0.9,2.2,42.1,0.5,1.4,32.5,0.4,0.9,40.8,0,0.2,22.2,0,0,100
Henry Ellenson,DET,21,0.6,0.9,64.5,0.2,1,23.3,0.1,0.3,18.2,0.1,0.3,27.3,0.2,0.7,28.6,0.4,1.2,35.7
Ian Clark,NOP,27,0.9,1.4,61,0.5,1.1,46.8,0.3,0.6,54.5,0.3,0.7,47.9,0.6,1.4,39,0.4,1.5,29.2
Ian Mahinmi,WAS,31,1.5,2.4,59.9,0.3,0.6,48.9,0.1,0.1,40,0,0.1,0,0,0,0,0,0,0
Ike Anigbogu,IND,19,0.1,0.2,50,0,0.1,0,0.1,0.3,33.3,0.3,0.5,66.7,0,0,0,0,0,0
Iman Shumpert,SAC,28,0.4,0.6,75,0.1,0.2,33.3,0.1,0.2,66.7,0.4,0.8,54.5,0.2,1.4,15.8,0.3,1,28.6
Isaiah Canaan,PHX,27,1,2.5,40,0.4,0.7,61.5,0.1,0.2,25,0.1,0.1,50,0.5,1.2,43.5,0.6,2.2,27.9
Isaiah Hicks,NYK,23,1.4,2.4,56.8,0.1,0.4,16.7,0.2,0.4,50,0.1,0.2,25,0.1,0.3,33.3,0.1,0.3,16.7
Isaiah Taylor,ATL,23,1.6,2.9,55.4,0.3,0.8,39.2,0.1,0.6,18.4,0,0.1,25,0.3,0.8,36.5,0.1,0.6,17.1
Isaiah Thomas,LAL,29,1.5,3.2,47.5,0.4,1,37.5,0.5,1.3,34.9,0.7,1.5,50,0.7,2.2,33.3,1.1,3.9,28.6
Isaiah Whitehead,BKN,23,1.4,2.6,56.1,0.4,1.1,37.5,0.1,0.3,20,0.2,0.4,60,0.1,0.3,20,0.4,0.9,42.9
Ish Smith,DET,29,2,3.4,58.9,0.5,1.3,40.4,0.7,1.3,50,1,2.2,45.8,0.3,0.9,37.1,0.2,0.6,35.8
Ivan Rabb,MEM,21,1.5,2.3,64.1,0.2,0.4,50,0.3,0.6,47.6,0.5,0.9,51.7,0.1,0.3,40,0,0,0
Ivica Zubac,LAL,21,1.3,2,61.6,0.1,0.6,18.2,0.1,0.2,25,0.1,0.1,40,0,0,0,0,0,0
J.J. Barea,DAL,34,1.4,2.3,61.4,0.5,1.2,43.5,0.4,1,43.1,0.3,0.7,38.8,0.6,1.5,39,1.1,3.1,35.8
JJ Redick,PHI,34,0.7,1.2,59.5,0.1,0.3,31.6,0.3,0.6,48.8,1,2,50,1.7,3.6,48,1.9,4.8,39.6
JR Smith,CLE,32,0.4,0.8,52.5,0.2,0.4,42.9,0.2,0.4,36.4,0.3,0.6,46,1.2,2.7,45.4,0.8,2.4,31.3
JaKarr Sampson,SAC,25,1.3,2.1,61.7,0.3,0.6,50,0.1,0.2,50,0,0.2,25,0.1,0.4,33.3,0.1,0.1,66.7
JaMychal Green,MEM,28,2.5,4.3,58.3,0.1,0.5,32,0.1,0.4,29.2,0.4,1,41.8,0.5,1.7,31.5,0.3,1,33.3
JaVale McGee,GSW,30,1.6,2.4,69.9,0.3,0.5,58.6,0.1,0.2,26.7,0.1,0.2,46.7,0,0,50,0,0.1,0
Jabari Bird,BOS,23,1.1,1.5,75,0,0.1,0,0,0.1,0,0,0.1,0,0.2,0.3,66.7,0.1,0.3,25
Jabari Parker,MIL,23,2.6,4.6,57,0.3,0.7,40.9,0.3,0.7,40.9,0.8,1.8,45.5,0.5,1.1,50,0.6,1.7,35.8
Jack Cooley,SAC,27,1.3,2.7,50,0.7,1,66.7,0.1,0.6,25,0,0,0,0,0.1,0,0,0,0
Jacob Pullen,PHI,28,0,0,0,0,0,0,0.5,0.5,100,0,0,0,0,0,0,0,0.3,0
Jacob Wiley,BKN,23,0,0.2,0,0,0,0,0,0,0,0,0.2,0,0.3,0.5,50,0,0,0
Jae Crowder,UTA,27,1.5,2.5,61.6,0.1,0.2,21.1,0.1,0.3,33.3,0.2,0.5,28.6,0.9,2.6,33.7,0.7,2.3,30.8
Jahlil Okafor,BKN,22,1.7,2.6,64.9,0.7,1.3,54.1,0.3,0.7,40,0,0.1,0,0,0.1,33.3,0,0,0
Jake Layman,POR,24,0.2,0.4,58.3,0,0.1,0,0,0.2,20,0.1,0.1,66.7,0.1,0.4,16.7,0.1,0.4,16.7
Jakob Poeltl,TOR,22,2.8,3.9,71.3,0.2,0.5,33.3,0.1,0.2,52.9,0,0,0,0,0,50,0,0,0
Jalen Jones,DAL,25,0.9,1.9,50,0.1,0.7,10,0.1,0.1,50,0,0.2,0,0.2,0.6,33.3,0.5,1.2,41.2
Jamal Crawford,MIN,38,0.4,0.8,53.2,0.2,0.5,37.8,0.5,0.8,58.5,1,2.3,44.6,1.1,2.5,41.9,0.7,2.1,30.8
Jamal Murray,DEN,21,2,3.5,57.5,0.5,1.1,44.9,0.6,1.3,48.1,0.6,1.4,41.6,1,2.6,38.8,1.2,3,38.4
Jameel Warney,DAL,24,1.7,2,83.3,0.3,1,33.3,0.3,1,33.3,0,0,0,0,0,0,0,0,0
Jameer Nelson,DET,36,0.5,0.8,64.3,0,0.2,11.1,0.1,0.3,33.3,0.1,0.4,28.6,0.6,1.5,37.7,0.5,1.5,34.7
Jamel Artis,ORL,25,0.6,1.1,52.9,0.5,0.9,53.8,0.2,0.4,40,0.3,0.7,36.4,0.2,1.2,17.6,0.4,1.1,37.5
James Ennis III,DET,27,1.4,2.3,62.8,0.1,0.2,31.3,0.1,0.3,47.6,0.1,0.2,41.2,0.4,1.2,34.5,0.4,1.1,34.6
James Harden,HOU,28,4,6.6,60.8,0.4,1.3,34.4,0.5,1.1,40.7,0.4,0.9,43.3,0.9,2.1,42.2,2.8,7.8,36.2
James Johnson,MIA,31,2.6,3.9,65.6,0.4,0.8,50.8,0.2,0.4,46.7,0.2,0.6,40.5,0.5,1.4,32.4,0.4,1.2,29.9
James Michael McAdoo,PHI,25,0,0,0,0,0,0,0,0,0,0,0,0,0.3,0.7,50,0.3,1.7,20
James Webb III,BKN,24,0.2,0.4,50,0,0,0,0,0,0,0,0,0,0.3,1.7,20,0.1,0.5,20
James Young,PHI,22,0.2,0.3,50,0.2,0.2,100,0,0.2,0,0,0,0,0.2,0.7,25,0.3,1,33.3
Jamil Wilson,LAC,27,0.4,0.6,66.7,0,0.1,0,0,0.1,0,0.3,0.5,66.7,0.5,1.1,47.1,1.4,3.4,42.6
Jared Dudley,PHX,32,0.3,0.5,58.3,0,0.1,33.3,0,0.1,0,0,0.1,25,0.3,0.7,46.9,0.4,1.2,30.4
Jarell Eddie,CHI,26,0,0,0,-,-,-,0,0,0,0,0,0,0,0,0,0,0.7,0
Jarell Martin,MEM,24,1.7,3.1,55.2,0.1,0.4,18.5,0.2,0.5,40.5,0.3,0.9,36.4,0.5,1.4,37.6,0.2,0.5,40
Jarrett Allen,BKN,20,2.8,4.3,65.5,0.3,0.7,39.2,0.1,0.2,38.5,0,0.1,22.2,0.1,0.2,40,0,0,0
Jarrett Jack,NYK,34,0.7,1.3,53.7,0.6,1.1,52.2,0.4,1,40,0.5,1.4,37.5,0.5,1.3,39.5,0.3,0.9,33.3
Jason Smith,WAS,32,0.5,0.9,58.1,0,0.1,25,0.2,0.4,54.5,0.4,0.9,40.7,0.2,0.7,26.1,0.1,0.6,15.8
Jason Terry,MIL,40,0.2,0.3,57.1,0,0.1,0,0.1,0.2,62.5,0.1,0.2,55.6,0.5,1.4,39.1,0.3,1,28
Jawun Evans,LAC,21,0.8,1.8,42,0.2,0.7,25,0.3,0.4,61.9,0.2,0.8,27.8,0.2,0.9,25.6,0.2,0.6,33.3
Jaylen Brown,BOS,21,2.7,4.9,56.3,0.3,0.8,38.2,0.2,0.5,37.8,0.3,0.7,45.8,0.9,2.4,38.6,0.8,2.1,39.2
Jaylen Morris,ATL,22,1.2,2.5,46.7,0.2,0.3,50,0.3,0.3,100,0,0.3,0,0.3,1.3,25,0.2,0.3,50
Jayson Tatum,BOS,20,2.3,4,57.4,0.1,0.5,23.1,0.3,0.8,37.7,0.7,1.6,43.3,1,1.9,49.4,0.7,1.7,38.5
Jeff Green,CLE,31,2.4,3.6,66,0.2,0.7,35.8,0.2,0.7,27.5,0.2,0.5,38.5,0.5,1.5,32.5,0.3,0.9,34.8
Jeff Teague,MIN,30,1.9,3.2,59.6,0.9,2.3,37.7,0.7,1.6,42.9,0.3,0.8,42.1,0.5,1.4,38,0.7,1.9,36
Jeff Withey,DAL,28,0.4,0.4,100,0,0.1,0,0,0,0,0,0.1,0,0.1,0.7,16.7,0.1,0.4,25
Jerami Grant,OKC,24,2.4,3.6,65.3,0.1,0.3,32.1,0,0.1,50,0.1,0.2,35.7,0.3,0.9,30.7,0.1,0.4,32.4
Jeremy Evans,ATL,30,1,1,100,0,0,0,0,0,0,0,0,0,0,0,0,0,0,0
Jeremy Lamb,CHA,26,1.6,2.7,58.8,0.6,1.3,47.5,0.6,1.3,50.5,0.6,1.7,37.9,0.6,1.4,39.6,0.7,2,35.6
Jeremy Lin,BKN,29,3,6,50,0,1,0,0,0,0,1,3,33.3,0,0,0,1,2,50
Jerian Grant,CHI,25,0.9,1.6,59.8,0.1,0.5,23.1,0.3,0.7,41.2,0.4,1,38.4,0.5,1.1,41.2,0.6,1.8,35.1
Jerryd Bayless,PHI,29,1,1.5,65,0.1,0.4,26.7,0.1,0.3,30.8,0.1,0.4,29.4,0.7,1.8,38,0.8,2.2,34.9
Jimmy Butler,MIN,28,2.9,4.6,61.7,1,1.9,53.1,1.3,2.7,46,0.9,2.3,39.3,0.8,2.3,35.3,0.6,1.6,34
Joakim Noah,NYK,33,0.3,1,28.6,0.4,0.4,100,0,0,0,0,0,0,0,0,0,0,0,0
Jodie Meeks,WAS,30,0.6,0.8,67.2,0.2,0.4,43.3,0.1,0.5,28.6,0.2,0.6,36.6,0.3,1,27.6,0.7,1.9,37.2
Joe Harris,BKN,26,1.6,2.5,63.1,0.2,0.4,56.3,0.1,0.2,42.9,0.1,0.2,28.6,0.7,2,37.7,1.2,2.6,45.6
Joe Ingles,UTA,30,1.2,1.9,61.7,0.2,0.5,36.8,0.1,0.3,36,0.1,0.2,30,1.3,3,44,1.3,2.8,44.8
Joe Johnson,HOU,37,0.3,0.5,63,0.7,1.3,50.7,0.4,1,43.6,0.4,0.8,48.9,0.5,1.7,30.8,0.3,1.2,26.9
Joe Young,IND,26,0.5,0.9,53.2,0.1,0.3,41.7,0.2,0.4,50,0.2,0.7,35.3,0.3,0.5,46.2,0.3,0.9,37.8
Joel Bolomboy,MIL,24,0.5,1,50,0,0,0,0.2,0.2,100,0,0,0,0,0,0,0,0.2,0
Joel Embiid,PHI,24,3.9,6,65.2,0.8,1.9,42.6,1.3,3.1,43.4,0.8,2,40.8,0.5,1,43.9,0.7,2.7,27.6
Joffrey Lauvergne,SAS,26,1.4,2.2,60.5,0.4,1,38.5,0,0.2,25,0.1,0.1,66.7,0,0.1,0,0,0,0
John Collins,ATL,20,3.4,5.1,67.7,0.2,0.5,33.3,0.3,0.6,41.3,0.2,0.5,33.3,0.2,0.5,35,0,0.1,40
John Henson,MIL,27,3,4.6,64.8,0.5,1.2,44.1,0.1,0.1,44.4,0.2,0.5,34.3,0.1,0.2,33.3,0,0,33.3
John Holland,CLE,29,0.3,0.7,38.5,0,0.1,0,0.1,0.3,25,0,0.2,0,0.2,1,20,0.4,0.9,38.9
John Wall,WAS,27,3.4,5.8,59.3,0.3,0.8,34.4,0.3,1.1,29.5,1.1,3.7,30.7,0.5,1.6,30.8,1.2,3.2,37.1
Johnathan Motley,DAL,23,2.5,3.7,68.3,0.4,1.3,30.8,0.3,0.5,50,0.4,0.7,50,0,0.3,0,0.1,0.3,33.3
Johnny O'Bryant III,CHA,25,0.7,1.2,58.1,0.1,0.6,23.8,0.4,1.1,37.8,0.2,0.7,33.3,0.1,0.4,23.1,0.4,0.9,41.9
Jon Leuer,DET,29,1.3,2,62.5,0.1,0.6,20,0.5,0.8,66.7,0,0.8,0,0,0.3,0,0,0.1,0
Jonas Jerebko,UTA,31,0.9,1.5,63.3,0.2,0.5,30,0.1,0.2,53.8,0,0.1,20,0.6,1.4,43.6,0.3,0.9,36.8
Jonas Valanciunas,TOR,26,3.4,5.1,65.8,0.8,1.8,45.3,0.3,0.7,40.4,0.2,0.3,70,0.1,0.3,29.2,0.3,0.7,44.4
Jonathan Gibson,BOS,30,1.5,1.8,85.7,0,0.3,0,0,0.5,0,0.5,0.5,100,0.3,0.3,100,1.3,2.8,45.5
Jonathan Isaac,ORL,20,1.1,1.5,72.5,0.1,0.2,40,0.1,0.9,16.7,0.1,0.9,16.7,0.3,1.2,25,0.3,0.7,40
Jonathon Simmons,ORL,28,2.5,3.9,63.9,0.6,1.6,36.7,0.4,1,36.2,0.6,1.4,41.1,0.5,1.3,39.6,0.6,1.8,33.9
Jordan Bell,GSW,23,1.6,2.4,67.6,0.1,0.3,46.7,0.2,0.3,63.2,0,0.1,28.6,0,0,100,0,0.1,0
Jordan Clarkson,CLE,26,2.1,3.6,59.8,0.4,1,40.3,0.6,1.3,44.2,0.6,1.6,40.6,0.7,1.7,41.1,0.9,2.6,32.7
Jordan Crawford,NOP,29,0.2,0.4,50,0.4,0.6,66.7,0.3,1,25,0,0.4,0,0.2,0.8,25,1.2,2.2,54.5
Jordan Mickey,MIA,23,1.3,2.2,60.8,0.2,0.4,44.4,0,0.1,0,0.1,0.1,66.7,0.1,0.4,22.2,0,0.3,0
Jose Calderon,CLE,36,0.5,0.7,67.6,0,0.1,50,0.1,0.2,45.5,0.2,0.5,42.3,0.4,0.8,51.2,0.5,1.1,43.1
Josh Gray,PHX,24,1.2,3.2,37.5,0,0.6,0,0.2,0.6,33.3,0.2,0.8,25,0.2,1.6,12.5,0.4,1.2,33.3
Josh Hart,LAL,23,1.3,2.1,63,0,0.1,28.6,0.1,0.2,30.8,0.1,0.3,31.6,0.6,1.3,46.3,0.7,1.9,35.3
Josh Huestis,OKC,26,0.3,0.8,42.9,0,0,100,0,0,0,0,0,0,0.3,1,30.9,0.2,0.8,26.9
Josh Jackson,PHX,21,2.8,4.9,55.9,0.6,1.6,38.7,0.3,1.2,29.2,0.4,1.2,37.8,0.5,1.6,33.3,0.4,1.6,22.8
Josh Magette,ATL,28,0,0.1,0,0.1,0.3,40,0,0.3,0,0.2,0.5,42.9,0.3,0.6,50,0.3,0.9,31.3
Josh McRoberts,DAL,31,0,0,0,0,0,0,0,0,0,0,0,0,0,0,0,0,0.5,0
Josh Richardson,MIA,24,1.7,2.9,59.1,0.3,0.8,41.2,0.5,1,47.1,0.6,1.5,39.5,0.8,2.2,36,1,2.5,42.2
Josh Smith,NOP,32,0.3,1,33.3,0,0,0,0,0,0,0,0.3,0,0,0,0,0,0,0
Jrue Holiday,NOP,28,3.7,5.8,63.4,1,2.2,48,0.6,1.4,42.5,0.7,1.3,54.4,0.7,2.1,34.7,0.9,2.6,33.6
Juancho Hernangomez,DEN,22,0.6,0.9,63.6,0.1,0.2,33.3,0,0,0,0,0,0,0.4,1.2,37,0.2,1,17.4
Julius Randle,LAL,23,5.1,7.7,66.3,0.6,1.8,35.3,0.1,0.4,37.9,0.1,0.4,23.5,0.1,0.3,29.2,0.1,0.4,22.9
Julyan Stone,CHA,29,0,0,0,0,0,0,0,0,0,0,0,0,0.2,0.4,55.6,0.1,0.2,25
Justin Anderson,PHI,24,1.2,1.9,63,0,0.3,0,0.1,0.2,28.6,0.1,0.2,62.5,0.3,1.2,26.8,0.6,1.7,36.5
Justin Holiday,CHI,29,0.8,1.7,48.8,0.1,0.4,31.3,0.2,0.7,30.2,0.4,1.1,36.3,1.5,3.8,39.8,0.9,3,30.5
Justin Jackson,SAC,23,1,1.3,74.4,0.3,0.7,42,0.3,0.6,46.5,0.2,0.5,30.6,0.6,1.8,36.7,0.3,1.1,28.9
Justin Patton,MIN,21,0,1,0,0,0,0,1,1,100,-,-,-,0,0,0,0,0,0
Justise Winslow,MIA,22,1.8,3.3,54.7,0.3,1.1,30.6,0.1,0.5,22.6,0.1,0.3,27.8,0.6,1.6,37.7,0.1,0.5,31.3
Jusuf Nurkic,POR,23,4.3,7.3,58.6,0.7,1.9,38.2,0.4,1,39.7,0.3,0.8,33.9,0.4,0.9,41.1,0,0.1,0
Kadeem Allen,BOS,25,0.4,0.7,55.6,0,0,0,0.1,0.2,50,0,0,0,0,0.3,0,0,0.5,0
Karl-Anthony Towns,MIN,22,4.1,5.9,68.4,1.1,2.5,46,0.5,1.1,43.8,0.5,1,44.6,0.8,1.5,54.3,0.8,2.2,36.8
Kawhi Leonard,SAS,27,2,2.8,72,0.4,1.1,40,1.3,2.6,52.2,0.7,1.6,42.9,0.6,1.8,31.3,0.8,2.6,30.4
Kay Felder,DET,23,0.3,1.1,31.3,0.2,0.5,28.6,0.2,0.4,40,0.3,1.3,23.5,0.5,0.7,63.6,0.1,0.9,7.1
Kelly Olynyk,MIA,27,2.1,2.8,73.4,0.3,0.6,39.6,0.2,0.4,38.2,0.2,0.5,35.1,0.6,1.6,39.5,0.9,2.4,36.6
Kelly Oubre Jr.,WAS,22,1.8,3,58.3,0.2,0.8,29.5,0.1,0.5,28.6,0.2,0.7,24.6,0.6,1.8,31.1,1,2.8,35.2
Kemba Walker,CHA,28,2.4,4.5,52.9,0.3,0.9,36.2,0.6,1.3,42.5,1,2.4,42.9,0.7,1.7,40.9,2.4,6.1,39.1
Kendrick Perkins,CLE,33,0,1,0,1,1,100,0,0,0,0,0,0,0,0,0,0,0,0
Kenneth Faried,DEN,28,1.9,3.3,57.5,0.2,0.8,25,0.2,0.3,45.5,0.1,0.2,60,0,0,100,0,0,0
Kent Bazemore,ATL,28,1.7,3.1,54.7,0.1,0.7,17.4,0.3,0.6,42.5,0.4,1.1,31.1,1.2,2.7,43.4,0.8,2.2,35.7
Kentavious Caldwell-Pope,LAL,25,1.5,2.4,64,0.1,0.4,23.3,0.2,0.5,34.3,0.5,1.4,37,0.8,2.3,32.9,1.5,3.8,40.5
Kevin Durant,GSW,29,2.7,3.8,71,0.7,1.2,54.9,1.4,2.8,50.5,1.8,3.5,50,0.8,1.9,41.7,1.9,4.6,42.1
Kevin Love,CLE,29,2.1,3.5,59.4,0.4,1,37.9,0.4,1.1,40.3,0.4,1,37.5,1,2.6,39.6,1.3,3.2,42.2
Kevon Looney,GSW,22,1.5,2.2,65.7,0.1,0.3,22.2,0.1,0.1,66.7,0.1,0.2,38.5,0,0.1,42.9,0,0,0
Khem Birch,ORL,25,1.3,1.9,65.8,0.3,0.6,40,0.1,0.5,23.5,0.1,0.1,40,0,0,0,0,0,0
Khris Middleton,MIL,26,1.5,2.8,54.8,0.7,1.4,51.7,1.4,2.6,52.1,1.6,3.3,50.2,0.8,2.1,39.1,1.1,3.3,34.8
Klay Thompson,GSW,28,1.4,2.2,64.6,0.2,0.6,35.6,0.8,1.7,49.2,1.6,3.2,50,1.9,3.8,50.4,1.9,4.6,41.3
Kobi Simmons,MEM,20,1.5,2.3,64,0.2,0.7,28.6,0.3,0.8,38.5,0.1,0.5,17.6,0.2,1,23.3,0.2,0.5,37.5
Kosta Koufos,SAC,29,1.7,2.6,66.3,1,2.1,48.7,0.3,0.7,47.1,0,0,100,0,0,0,0,0,0
Kris Dunn,CHI,24,2,3.9,51.7,0.7,1.6,40,0.8,1.9,40,0.9,2.1,41.7,0.6,1.4,41.9,0.6,1.8,32.6
Kristaps Porzingis,NYK,22,1.9,3.6,53.8,1,2.3,42.1,1.8,4.1,45.1,1.3,3.2,40.7,0.6,1.5,41.1,1.5,3.8,39.7
Kyle Anderson,SAS,24,1.9,2.9,64.5,0.4,0.9,44.6,0.3,0.6,41.7,0.2,0.5,47.1,0.3,0.8,40,0.1,0.2,26.7
Kyle Collinsworth,DAL,26,0.8,1.7,46.3,0.2,0.6,36.8,0.1,0.3,25,0,0,0,0,0.3,10,0.1,0.3,37.5
Kyle Korver,CLE,37,0.3,0.5,72.7,0,0.1,40,0.1,0.2,46.7,0.2,0.4,44.8,1,2.3,44.9,1.3,3.1,43
Kyle Kuzma,LAL,22,2.6,4.5,58.5,0.6,1.3,47.1,0.3,0.8,38.1,0.3,0.8,41.4,0.7,2.3,32.2,1.4,3.7,38.9
Kyle Lowry,TOR,32,1.6,2.6,60.8,0.1,0.6,19.6,0.2,0.6,35.6,0.2,0.5,37.5,0.9,2.2,41.2,2.2,5.4,39.6
Kyle O'Quinn,NYK,28,1.9,2.8,66.1,0.3,0.5,63.2,0.2,0.5,48.6,0.3,0.6,49,0.2,0.4,40.6,0,0.1,12.5
Kyle Singler,OKC,30,0.4,0.8,50,0,0.4,0,0.1,0.3,33.3,0,0,0,0.2,0.5,40,0,0.2,0
Kyrie Irving,BOS,26,3.1,5.2,59.7,0.8,1.7,45.2,0.9,1.8,46.8,1.1,2.1,49.6,1.1,2.3,46,2.1,4.9,42.6
LaMarcus Aldridge,SAS,32,4.2,6.2,67.8,1.1,2.6,44.3,1.8,4,44.4,1.4,3.2,42.3,0.5,1.3,41.8,0.2,0.7,24.1
Lance Stephenson,IND,27,1.7,2.8,59.1,0.1,0.4,30.6,0.2,0.5,51.4,0.6,1.6,41.4,0.4,1.3,33.3,0.5,1.9,29.4
Lance Thomas,NYK,30,0.4,1,43.8,0.1,0.3,18.2,0,0.1,37.5,0.1,0.3,32,0.5,1.2,42.4,0.3,0.7,35.8
Langston Galloway,DET,26,0.2,0.3,50,0.2,0.4,42.9,0.2,0.4,47.8,0.3,0.8,37.5,0.5,1.4,35.8,0.9,2.6,34
Larry Drew II,NOP,28,0.2,0.4,50,0,0.4,0,0,0.1,0,0.2,0.7,33.3,0.1,0.4,25,0.2,0.6,33.3
Larry Nance Jr.,CLE,25,2.8,4.1,69.9,0.2,0.5,32.4,0.2,0.4,39.3,0.3,0.8,44,0.1,0.4,28,0,0,33.3
Lauri Markkanen,CHI,21,2.4,3.8,62,0.3,0.8,32.1,0.3,0.9,34.4,0.3,1,34.8,0.8,2.1,36.6,1.5,4,36.1
LeBron James,CLE,33,6.7,9,73.7,0.4,1.3,31.1,0.6,1.4,42.1,0.7,1.7,40.7,0.6,2.1,30.6,1.4,3.6,38.3
London Perrantes,CLE,23,0.1,0.2,50,0.1,0.6,20,0,0,0,0,0.1,0,0,0.3,0,0,0.2,0
Lonzo Ball,LAL,20,1.6,3.4,46,0.2,0.6,30,0.2,0.5,40,0.2,0.5,36,0.5,1.5,35.5,1.3,4.3,29.6
Lorenzo Brown,TOR,27,0.4,0.4,83.3,0.2,0.4,40,0.1,0.3,25,0.3,0.6,57.1,0,0.5,0,0.2,0.5,33.3
Lou Williams,LAC,31,2.6,4.5,56.3,0.6,1.7,38.1,0.8,1.6,49.6,0.8,1.9,40.8,1,2.8,36.3,1.5,4.1,37
Luc Mbah a Moute,HOU,31,1.6,2.6,62.3,0.1,0.1,66.7,0,0,0,0,0,0,0.6,1.8,35.1,0.4,1.1,36.4
Lucas Nogueira,TOR,25,0.9,1.3,71.7,0,0,100,0,0,0,0,0,0,0,0.2,12.5,0.1,0.2,40
Luis Montero,DET,25,0,0.5,0,0,0,0,0,0,0,0,0,0,0,0,0,0,0,0
Luke Babbitt,MIA,29,0.1,0.2,58.3,0.1,0.2,55.6,0.1,0.3,33.3,0.3,0.4,60,0.7,1.5,44.6,0.6,1.8,34.1
Luke Kennard,DET,22,0.6,1.1,53.8,0.2,0.6,28.9,0.3,0.6,41.3,0.6,1.1,50.6,0.4,1,41.1,0.8,1.9,43.2
Luke Kornet,NYK,22,0.9,1.4,60.7,0.1,0.3,16.7,0.1,0.3,20,0.1,0.2,50,0.3,0.9,33.3,1.1,3.2,33.3
Luol Deng,LAL,33,1,2,50,0,0,0,0,0,0,0,0,0,0,0,0,0,0,0
Malachi Richardson,TOR,22,0.3,0.9,29.2,0.1,0.2,50,0,0.2,25,0.3,0.5,50,0.2,1,19.2,0.3,0.8,45
Malcolm Brogdon,MIL,25,2.7,4.5,59.8,0.3,0.8,39.5,0.4,0.9,42.2,0.3,0.8,38.5,0.6,1.3,49.2,0.8,2.2,35.2
Malcolm Delaney,ATL,29,0.5,1.2,46,0,0.2,0,0.1,0.3,41.2,0.3,0.9,31.9,0.7,1.5,47.5,0.4,1.2,31.7
Malcolm Miller,TOR,25,0.4,0.5,71.4,0,0,0,0,0,0,0,0,0,0.2,0.7,30,0.4,0.8,45.5
Malik Beasley,DEN,21,0.5,0.9,55.6,0.1,0.3,33.3,0,0.1,33.3,0.1,0.2,45.5,0.3,0.9,34,0.2,0.7,33.3
Malik Monk,CHA,20,0.5,0.9,58.9,0.1,0.4,26.1,0.2,0.5,31,0.2,0.7,24.4,0.7,1.9,38.6,0.9,2.6,33.3
Mangok Mathiang,CHA,25,0.8,1.5,50,0.3,0.3,100,0,0,0,0,0,0,0,0,0,0,0,0
Manu Ginobili,SAS,40,1.4,2.4,60.6,0.3,0.7,39.6,0.2,0.6,35.7,0.1,0.3,31.6,0.5,1.3,39.3,0.5,1.7,31.2
MarShon Brooks,MEM,29,2.1,3.9,55.6,1.1,2.3,50,0.7,1.6,45.5,0.3,0.7,40,1.3,3,42.9,1.7,3.1,54.5
Marc Gasol,MEM,33,1.6,2.8,57.5,0.9,2.3,37.1,0.8,2.4,36,0.7,1.4,51.9,0.6,1.5,38.4,1.3,3.6,35.1
Marcin Gortat,WAS,34,2.1,3.5,61.2,0.7,1.7,43.3,0.6,1.4,41.1,0.1,0.2,42.1,0,0,0,0,0,0
Marco Belinelli,PHI,32,0.9,1.4,62.6,0.1,0.2,26.3,0.2,0.4,54.8,0.6,1.4,40.4,1.2,2.8,44.4,1.2,3.2,38.1
Marcus Georges-Hunt,MIN,24,0.4,0.6,59.1,0,0.1,50,0,0.1,33.3,0.1,0.1,50,0.1,0.3,22.2,0.1,0.2,25
Marcus Morris,BOS,28,1.2,2.1,57.1,0.4,0.9,39.2,0.6,1.6,41.2,0.8,1.8,44.8,0.9,1.9,44.2,1,2.8,35.3
Marcus Paige,CHA,24,0,0.6,0,0.3,0.3,100,0,0,0,0,0.3,0,0.6,1.2,50,0,0.6,0
Marcus Smart,BOS,24,1.1,2.2,51.3,0.3,1,32.7,0.2,0.8,31,0.3,0.6,44.1,0.5,1.5,35.8,1,3.3,29.5
Mario Chalmers,MEM,32,1,2,51.2,0.2,0.6,31.7,0.3,0.7,39.5,0.1,0.3,36.4,0.5,1.2,39,0.5,1.7,27.2
Mario Hezonja,ORL,23,1.6,2.6,61.7,0.3,0.6,39.6,0.2,0.4,41.9,0.2,0.6,34.1,0.5,1.5,31.8,1,2.5,38.8
Markel Brown,HOU,26,0,0.3,0,0,0,0,0.3,0.3,100,0,0,0,0.3,0.8,33.3,0,0.5,0
Markelle Fultz,PHI,20,2.1,3.9,55.6,0.4,1.9,19.2,0.6,1.6,36.4,0.1,0.4,33.3,0,0.1,0,0,0.1,0
Markieff Morris,WAS,28,1.5,2.3,65.9,0.5,1,48.6,0.9,1.8,50.8,0.5,1.3,40.8,0.5,1.3,36.8,0.6,1.6,37
Marquese Chriss,PHX,20,1.6,2.7,60.7,0.1,0.6,22.5,0.1,0.3,41.7,0.1,0.3,38.9,0.4,1.5,27.2,0.4,1.4,32
Marquis Teague,MEM,25,0.7,1.3,50,0.3,0.3,100,0,0.3,0,0,1.3,0,0.3,1.3,25,0,0.3,0
Marreese Speights,ORL,30,0.4,0.9,48.8,0.2,0.5,44,0.2,0.4,63.2,0.2,0.5,34.8,0.3,0.7,41.2,1.4,4,35.5
Marshall Plumlee,MIL,25,0.1,0.4,33.3,0,0,0,0,0,0,0,0,0,0,0,0,0,0,0
Marvin Williams,CHA,32,1.1,1.9,55.8,0.4,0.8,50.8,0.2,0.4,41.9,0,0.1,25,0.6,1.7,37.4,1,2.4,44
Mason Plumlee,DEN,28,2.6,3.9,66.8,0.2,0.7,34,0,0.1,30,0.1,0.2,41.7,0,0,0,0,0,0
Matt Costello,SAS,24,0.5,1,50,0,0,0,0,0,0,0,0,0,0,0,0,0,0,0
Matt Williams Jr.,MIA,24,0,0,0,0,0,0,0.5,0.5,100,0,0,0,0,0.5,0,0.3,1.3,25
Matthew Dellavedova,MIL,27,0.2,0.5,42.1,0.2,0.7,26.9,0.2,0.4,43.8,0.1,0.1,50,0.2,0.7,34.6,0.6,1.6,36.7
Maurice Harkless,POR,25,1.5,2.5,58,0.1,0.3,40,0,0,50,0,0.1,25,0.5,1.4,37.6,0.3,0.6,51.4
Maxi Kleber,DAL,26,1.2,1.8,67.4,0.1,0.2,61.5,0.1,0.2,50,0.1,0.3,33.3,0.4,1,37.7,0.2,0.9,25.4
Meyers Leonard,POR,26,0.6,0.8,75,0.1,0.2,60,0.2,0.4,60,0.2,0.4,63.6,0.2,0.4,58.3,0.2,0.5,31.3
Michael Beasley,NYK,29,2.9,4.6,63.8,0.9,2.1,44.3,0.7,1.6,45.3,0.4,1.3,30.8,0.4,0.9,42.4,0.3,0.7,44.7
Michael Carter-Williams,CHA,26,0.8,1.7,47.2,0.2,0.6,28.1,0.1,0.3,26.7,0.1,0.6,23.3,0.1,0.7,20.6,0.1,0.5,25
Michael Kidd-Gilchrist,CHA,24,2.3,3.5,64.2,0.3,1,35.2,0.4,0.8,41.9,0.7,1.8,40,0.1,0.4,32.3,0,0,0
Mike Conley,MEM,30,2.3,4.3,52.9,0.5,1.2,42.9,0.3,1,25,0.3,1.1,30.8,0.3,1.8,13.6,1.8,4.7,37.5
Mike James,NOP,27,1.5,2.9,52.4,0.5,1,45.9,0.3,0.8,40,0.3,1.1,27,0.5,1.3,37.8,0.4,1.7,21
Mike Muscala,ATL,26,1.1,1.5,69.1,0.1,0.4,25,0.2,0.5,42.9,0.1,0.3,46.2,0.7,1.5,48.1,0.5,1.7,28.6
Mike Scott,WAS,29,1,1.5,65.8,0.4,0.9,47.2,0.6,1,60.8,0.6,1.2,55.1,0.4,0.9,42,0.6,1.3,41.6
Miles Plumlee,ATL,29,1.6,2.5,64.7,0.2,0.5,37.9,0.1,0.2,40,0,0.1,25,0,0,100,0,0,0
Milos Teodosic,LAC,31,0.4,0.6,64.3,0,0.2,25,0.3,0.4,57.9,0.5,1.2,43.4,0.8,1.8,43.8,1.4,3.8,36.5
Milton Doyle,BKN,24,0.5,1.3,38.5,0.4,1,40,0,0,0,0,0.1,0,0.2,0.8,25,0.2,1.4,15.4
Mindaugas Kuzminskas,NYK,28,0,1,0,0,1,0,0,0,0,-,-,-,-,-,-,0,0,0
Mirza Teletovic,MIL,32,0.1,0.4,25,0.1,0.2,50,0.1,0.3,33.3,0.1,0.2,50,0.3,0.8,37.5,1.8,3.8,47.4
Monte Morris,DEN,23,1.5,2,75,0,0,0,0.5,0.5,100,0,0,0,0,0,0,0,0.5,0
Montrezl Harrell,LAC,24,3.8,5.3,71.4,0.6,1.3,45,0.2,0.3,46.2,0,0.2,25,0,0,0,0,0.1,25
Myke Henry,MEM,25,1,1.9,51.4,0,0.1,0,0.1,0.2,25,0.1,0.4,25,0.5,1.3,38.5,0.5,1.6,29
Myles Turner,IND,22,1.8,3,59.8,0.3,0.6,46.2,0.2,0.6,38.1,1.1,2.2,48.6,0.6,1.3,43.5,0.8,2,37.4
Nate Wolters,UTA,27,0,0,0,0.2,0.8,25,0,0.3,0,0,0,0,0,0.3,0,0,0,0
Naz Mitrou-Long,UTA,24,0,0,0,-,-,-,-,-,-,0,0,0,-,-,-,1,1,100
Nemanja Bjelica,MIN,30,1.1,1.8,59.8,0.3,0.7,37.5,0,0.1,37.5,0,0.1,0,0.4,1.1,40.5,0.7,1.6,43.9
Nene,HOU,35,2.1,3.4,61.7,0.2,0.4,52.2,0.1,0.3,37.5,0.2,0.4,47.6,0,0.1,0,0,0,0
Nerlens Noel,DAL,24,1.4,2.6,55.4,0.3,0.4,81.8,0.2,0.5,35.7,0,0.2,0,0,0,0,0,0,0
Nick Collison,OKC,37,0.8,1.1,73.3,0.2,0.3,66.7,0,0,0,0,0,0,0,0.1,0,0,0,0
Nick Young,GSW,33,0.3,0.5,70.3,0,0.1,25,0.3,0.5,53.5,0.3,0.7,40.4,0.7,1.9,37.1,0.9,2.3,37.3
Nicolas Batum,CHA,29,0.8,1.2,67.9,0.2,0.5,44.1,0.8,1.7,46.7,0.8,1.9,40.8,0.6,1.8,31.3,1,3,34.7
Nicolas Brussino,ATL,25,0,0,0,0,0,0,0,0,0,0,0,0,0,0.3,0,0,0.3,0
Nigel Hayes,SAC,23,0.1,0.6,20,0,0.2,0,0.4,0.5,75,0.3,0.9,33.3,0.7,2.1,33.3,0,0.2,0
Nik Stauskas,BKN,24,0.4,0.7,50,0,0.2,12.5,0,0.1,0,0.1,0.2,25,0.3,0.9,30.6,0.8,1.6,47
Nikola Jokic,DEN,23,2.9,4.7,61.3,1.1,2.2,49.4,0.6,1.3,46.9,0.5,1.1,45.6,0.8,1.9,42.4,0.9,2.3,37.4
Nikola Mirotic,NOP,27,1.8,2.8,64.1,0.5,0.9,55.3,0.3,1,33.3,0.3,0.8,37,1.1,2.6,42.8,1.5,4.3,35.6
Nikola Vucevic,ORL,27,2.8,3.9,71.5,1.1,2.6,44.5,0.7,1.9,37.4,0.9,1.9,48.6,0.5,1.5,35.7,0.9,3.1,30.5
Noah Vonleh,CHI,22,1.1,1.9,56.9,0.2,0.4,40.9,0.1,0.2,36.4,0.2,0.4,52.6,0.2,0.7,25.7,0.3,0.8,31.1
Norman Powell,TOR,25,1,1.9,54.2,0.2,0.4,52.2,0.1,0.2,45.5,0.1,0.3,25,0.4,1.4,30.9,0.4,1.4,29.8
OG Anunoby,TOR,20,1.2,1.8,65.4,0,0,0,0,0,33.3,0,0.1,0,0.8,1.7,46,0.2,1,21.6
Okaro White,CLE,25,0.4,0.8,50,0,0,0,0.2,0.2,100,0,0,0,0.2,1,20,0.6,1.2,50
Omari Johnson,MEM,29,1,1.3,80,0.3,0.5,50,0,0,0,0,0.3,0,0.3,1.5,16.7,0.8,1.8,42.9
Omer Asik,CHI,31,0.4,1.1,36.8,0.1,0.1,100,0.1,0.1,100,0,0.1,0,0,0,0,0,0,0
Omri Casspi,GSW,30,1.6,2.3,68,0.4,0.9,42.2,0.2,0.3,47.1,0,0,0,0.1,0.1,57.1,0.1,0.3,42.9
Otto Porter Jr.,WAS,25,1.6,2.4,66.5,0.5,1.1,45.9,0.5,1.3,41,1,1.9,55.2,1,2.1,46.6,1.2,2.7,42.6
PJ Dozier,OKC,21,0.5,0.5,100,-,-,-,0,0,0,-,-,-,0,0.5,0,0,0,0
PJ Tucker,HOU,33,0.5,1,54.4,0.1,0.3,23.8,0,0.1,20,0,0.1,33.3,1.2,3.1,40.3,0.2,0.9,24.7
Pascal Siakam,TOR,24,2.3,3.3,68.9,0.3,0.9,38.6,0.1,0.3,47.6,0,0,33.3,0.3,1.1,24.2,0.1,0.5,17.1
Pat Connaughton,POR,25,0.8,1.3,58.3,0.1,0.3,40.7,0.1,0.2,50,0.1,0.3,28,0.4,1.1,34.8,0.6,1.5,37.1
Patrick Beverley,LAC,29,1.7,3.4,51.4,0.3,0.7,37.5,0.2,0.7,25,0,0.3,0,0.5,2.4,23.1,1.6,3.4,48.6
Patrick McCaw,GSW,22,1,1.7,61.3,0.1,0.3,28.6,0.1,0.2,25,0.1,0.3,33.3,0.2,0.6,37.1,0.2,0.9,17.3
Patrick Patterson,OKC,29,0.3,0.6,53.2,0.1,0.3,33.3,0,0.2,25,0,0,25,0.6,1.5,37.8,0.3,0.7,41.8
Patty Mills,SAS,29,0.6,1,57,0.1,0.2,31.6,0,0.1,36.4,0.5,1.1,42.5,1.1,2.5,44,1.1,3.2,34.2
Pau Gasol,SAS,37,1.9,3,63.2,0.4,1.2,31.9,0.3,0.8,33.8,0.5,1.1,43.4,0.4,1.2,33.3,0.3,0.8,35.9
Paul George,OKC,28,2.4,3.9,60.8,0.4,1,36.7,0.5,1.5,35.3,0.8,2.3,34.3,1.5,3.9,39.2,1.7,4.3,40.2
Paul Millsap,DEN,33,2.2,3.7,59.3,1.1,2.3,47.7,0.8,1.7,43.9,0.2,0.6,33.3,0.4,1.4,30.9,0.6,1.6,38.3
Paul Zipser,CHI,24,0.5,0.8,55.6,0.1,0.3,16.7,0.1,0.3,28.6,0.2,0.6,25.8,0.4,1.1,36.7,0.4,1.2,28.8
Quincy Acy,BKN,27,0.3,0.7,45.7,0,0.1,0,0,0.1,20,0.1,0.2,45.5,0.7,2.1,34.5,0.8,2.2,34.9
Quincy Pondexter,CHI,30,0.4,0.8,50,0.1,0.2,33.3,0.1,0.1,100,0,0.2,0,0,0.4,11.1,0.1,0.5,16.7
Quinn Cook,GSW,25,0.8,1.5,52.9,0.3,0.6,50,0.4,0.8,48.1,0.5,1.2,45.9,0.7,1.5,48.9,1,2.3,45.1
RJ Hunter,HOU,24,0.8,1.3,60,0,0,0,0,0,0,0.3,0.3,100,0.3,1,25,0.2,1.8,11.1
Rajon Rondo,NOP,32,2.1,3.6,58,0.3,0.6,51.2,0.1,0.3,50,0.2,0.6,32.5,0.5,1.6,30.7,0.4,1,37.1
Ramon Sessions,WAS,32,0.9,1.8,49,0.2,1,20,0.1,0.5,23.1,0.1,0.1,66.7,0.1,0.4,25,0.2,0.5,33.3
Rashad Vaughn,ORL,21,0.2,0.3,50,0.1,0.3,40,0.1,0.2,66.7,0,0.1,33.3,0.4,0.7,50,0.3,1,30.4
Raul Neto,UTA,26,0.9,1.5,58.7,0.1,0.4,37.5,0.1,0.4,26.7,0.1,0.2,33.3,0.4,0.8,48.5,0.1,0.3,28.6
Raymond Felton,OKC,34,0.7,1.3,53.3,0.3,0.6,42.9,0.2,0.5,42.1,0.4,1.1,37.5,0.6,1.4,43.2,0.6,1.7,33.8
Reggie Bullock,DET,27,1.4,2.2,65.7,0.1,0.5,26.5,0.3,0.7,42.9,0.3,0.7,46.7,0.8,1.9,43.3,1.3,2.7,46.2
Reggie Hearn,DET,26,0,0,0,0,0,0,0,0,0,0,0,0,0.5,0.5,100,0,0.3,0
Reggie Jackson,DET,28,1.5,3,50.7,1.1,2.2,48.5,1,1.9,51.2,0.6,1.6,36.1,0.5,1.3,38.3,0.8,2.6,30.3
Richard Jefferson,DEN,38,0.2,0.4,50,0.2,0.4,57.1,0.1,0.2,50,0,0.1,0,0.1,0.2,33.3,0.1,0.2,25
Richaun Holmes,PHI,24,2.2,3,74.3,0.3,0.6,41.9,0.2,0.4,36.8,0,0.2,18.2,0.1,0.3,20,0.1,0.4,15
Ricky Rubio,UTA,27,1.1,2.2,49.7,0.2,0.6,28.3,0.6,1.4,46.2,1.1,2.4,44.3,0.9,2.4,36.9,0.6,1.7,37.7
Robert Covington,PHI,27,1.4,2.2,60.3,0.2,0.4,46.4,0,0.3,9.1,0.2,0.5,43.2,0.6,1.6,34.1,2,5.4,37.3
Robin Lopez,CHI,30,3,4.5,65.7,1.3,2.6,50.3,0.3,0.7,36.4,0.5,1.3,43.8,0.2,0.8,25.9,0,0.2,27.3
Rodney Hood,CLE,25,1,1.6,59.2,0.7,1.5,43.3,0.7,1.7,44.4,0.6,1.6,38.5,1,2.5,39.9,1.4,3.5,39.2
Rodney McGruder,MIA,26,0.8,1.1,77.8,0.2,0.6,36.4,0.1,0.2,66.7,0.1,0.4,16.7,0.6,1.5,37,0.3,0.4,62.5
Rodney Purvis,ORL,24,0.4,0.9,50,0.1,0.3,50,0.2,0.4,50,0.4,1.5,25,0.6,1.7,33.3,0.5,1.9,25.8
Ron Baker,NYK,25,0.3,0.7,40,0,0,0,0,0,0,0,0.1,0,0.2,0.6,41.2,0.2,0.7,27.8
Rondae Hollis-Jefferson,BKN,23,2.8,5,56.4,0.7,2,34.3,0.9,1.8,47.5,0.5,1.1,45.9,0.2,0.6,26.8,0,0.2,21.4
Royce O'Neale,UTA,25,0.8,1.6,50.9,0.1,0.4,34.6,0.1,0.3,47.6,0,0.1,42.9,0.4,1.1,36.6,0.2,0.7,34.8
Rudy Gay,SAS,31,1.8,2.8,64.6,0.6,1.6,38.9,0.9,1.8,50,0.4,0.9,44.4,0.3,1.1,26.6,0.4,1.1,37.1
Rudy Gobert,UTA,26,4.7,6.9,68.3,0.1,0.6,17.1,0,0.2,10,0.1,0.2,33.3,0,0,50,0,0,0
Russell Westbrook,OKC,29,5,8.6,58,0.3,0.9,38.6,1,2.6,37.6,1.6,4,39.3,0.8,2.3,35.8,0.8,2.6,29
Ryan Anderson,HOU,30,0.7,1.2,59,0,0.2,9.1,0.1,0.2,53.8,0.3,0.5,56.7,0.5,1.2,41,1.5,3.8,39.6
Ryan Arcidiacono,CHI,24,0.2,0.2,100,0,0.1,33.3,0,0,0,0,0,100,0.4,0.7,52.9,0,0.5,7.7
Salah Mejri,DAL,32,1.4,1.9,70.4,0.1,0.3,40,0,0,0,0,0.1,25,0,0,0,0,0.1,0
Sam Dekker,LAC,24,1.4,2.2,64.4,0.1,0.3,45,0,0.1,50,0,0.1,22.2,0.1,0.4,21.4,0.1,0.5,14.3
Scotty Hopson,DAL,28,0,1,0,0,0,0,0,0,0,0,0,0,0,0,0,0,0,0
Sean Kilpatrick,CHI,28,0.8,1.5,52.6,0.1,0.5,29.2,0.1,0.3,30.8,0.2,0.6,38.5,0.5,1.7,28.9,0.5,1.3,36.4
Semi Ojeleye,BOS,23,0.3,0.6,47.6,0,0.1,12.5,0,0.1,50,0,0.1,25,0.4,1.1,36.3,0.2,0.6,23.9
Serge Ibaka,TOR,28,1.5,2.2,66.9,0.5,1.1,47.6,0.7,1.3,53.6,0.8,1.7,48.4,0.7,1.6,44.2,0.8,2.5,32.6
Shabazz Muhammad,MIL,25,1.2,2.2,54.8,0.5,1.1,44.2,0.1,0.4,20,0,0.1,20,0.2,0.4,47.1,0,0.4,13.3
Shabazz Napier,POR,26,0.8,1.6,50,0.1,0.3,24,0.2,0.5,39.5,0.5,1.1,47.1,0.7,1.9,39,0.7,1.7,38.7
Shane Larkin,BOS,25,0.6,1.2,50.8,0.1,0.2,45.5,0.1,0.2,36.4,0.1,0.6,22.6,0.3,0.9,34.8,0.4,1.1,35.1
Shaquille Harrison,PHX,24,2.3,4,56.5,0,0.1,0,0,0.1,33.3,0,0,0,0.1,0.5,27.3,0.1,0.6,23.1
Shaun Livingston,GSW,32,0.9,1.3,67,0.4,0.7,50,0.9,2,44.3,0.3,0.7,38.8,0,0.1,40,0,0,0
Shelvin Mack,ORL,28,1.2,1.9,61.4,0.3,0.8,33.9,0.2,0.7,28.9,0.2,0.5,45.2,0.2,0.7,32.7,0.5,1.5,35
Sindarius Thornwell,LAC,23,0.8,1.7,45.6,0.2,0.4,37.9,0.1,0.2,50,0,0.1,28.6,0.3,0.6,44.2,0.1,0.4,38.5
Skal Labissiere,SAC,22,1.6,2.5,64.6,0.7,1.9,35.7,0.4,1,38.3,0.4,1.3,33.8,0.2,0.4,36,0.2,0.6,34.3
Solomon Hill,NOP,27,0.4,0.9,45.5,0.1,0.6,14.3,0,0,0,0.1,0.1,100,0.1,0.5,16.7,0.3,1.2,21.4
Spencer Dinwiddie,BKN,25,1.6,2.8,56.3,0.2,0.9,26.4,0.3,0.8,35.9,0.1,0.4,32.3,0.6,1.7,33.3,1.1,3.6,31.5
Stanley Johnson,DET,22,1.3,2.3,55.1,0.2,0.8,26.4,0.2,0.5,30.6,0.4,0.9,41.3,0.6,1.8,33.3,0.4,1.8,25.2
Stephen Curry,GSW,30,2.3,3.6,62.7,0.2,0.4,40.9,0.6,1,56.6,0.8,1.3,61.2,1.5,3.3,43.8,3,6.9,43.9
Sterling Brown,MIL,23,0.6,1.2,47.8,0.1,0.3,25,0.2,0.3,53.3,0.1,0.3,30.8,0.3,0.9,38.3,0.3,0.9,34.8
Steven Adams,OKC,24,4.8,7.2,66.9,0.8,1.6,50.4,0.3,0.5,52.8,0,0.1,20,0,0,0,0,0,0
T.J. McConnell,PHI,26,1,1.7,59.2,0.5,1,52.8,0.6,1.3,43.4,0.3,0.7,44.9,0.2,0.5,45,0.2,0.4,44.4
TJ Leaf,IND,21,0.7,1.1,60.3,0,0.3,15.4,0.1,0.2,50,0,0.2,12.5,0.2,0.4,42.1,0.2,0.5,46.2
TJ Warren,PHX,24,4.6,7,65.2,0.9,2.2,40,1.2,2.6,43.9,1,2.6,39.6,0.4,1.3,27.7,0.2,0.6,23.8
Taj Gibson,MIN,33,3.6,5.2,70.1,0.6,1.3,48.1,0.4,0.8,47,0.4,1.1,34.5,0.2,0.6,31.3,0,0,25
Tarik Black,HOU,26,1.4,2.1,67.6,0.1,0.2,37.5,0,0,0,0,0,0,0,0.1,25,0,0.1,0
Taurean Prince,ATL,24,1.9,3.4,57.6,0.4,1.1,37.5,0.3,1,35.9,0.2,0.7,21.7,1.1,2.9,38.9,1.1,2.9,38.6
Terrance Ferguson,OKC,20,0.4,0.5,67.7,0,0,0,0,0,0,0.1,0.1,50,0.6,1.3,42.1,0.2,0.9,26.5
Terrence Ross,ORL,27,0.8,1.2,71.4,0.1,0.6,20,0.3,0.9,31.8,0.5,1,50,0.9,1.9,47.8,0.5,2.2,22.6
Terry Rozier,BOS,24,1.1,2.3,48.4,0.2,0.7,31.6,0.2,0.6,33.3,0.4,1,37.3,0.7,1.9,35.7,1.3,3.2,40.2
Thabo Sefolosha,UTA,34,1.6,2.4,66.7,0.1,0.4,25,0.2,0.6,40.9,0.1,0.3,33.3,0.8,2,41.6,0.2,0.5,35
Thaddeus Young,IND,30,3.1,5.1,61,0.8,1.8,43.1,0.2,0.6,36.5,0.3,0.8,33.9,0.5,1.2,38.9,0.4,1.2,32.3
Thomas Bryant,LAL,20,0.4,0.5,83.3,0,0.1,0,0,0,0,0.2,0.3,66.7,0,0.4,0,0.1,0.5,16.7
Thon Maker,MIL,21,0.7,1.5,50,0.1,0.3,34.8,0.1,0.3,36.4,0.3,0.6,46.5,0.4,0.9,38.8,0.2,0.7,28
Tim Frazier,WAS,27,0.4,0.6,57.9,0.1,0.2,27.3,0.1,0.3,44.4,0.2,0.5,36.7,0.2,0.6,40,0.2,0.6,24.3
Tim Hardaway Jr.,NYK,26,2.4,3.9,60.5,0.1,0.8,18.6,0.6,1.1,52.4,0.5,1.3,42.5,1.1,2.5,42,1.6,5.2,31.1
Tim Quarterman,HOU,23,0,0,0,0.3,0.3,100,0,0,0,0,0,0,0,0,0,0,0.7,0
Timofey Mozgov,BKN,31,1.4,2,68.3,0.1,0.2,60,0,0.1,25,0,0,0,0.2,0.5,29.4,0,0.1,0
Timothe Luwawu-Cabarrot,PHI,23,0.8,1.6,50.6,0,0.2,8.3,0,0,100,0,0.1,20,0.5,1.5,31.1,0.6,1.7,34.8
Tobias Harris,LAC,25,2.4,4.1,58.6,0.8,2,42.1,0.9,2,45.2,0.6,1.4,39.5,0.9,2.3,38.4,1.5,3.5,42.3
Tomas Satoransky,WAS,26,1.2,1.8,63.2,0.4,0.8,56.4,0.2,0.5,42.5,0.3,0.6,42.9,0.4,0.9,43.8,0.3,0.6,48.9
Tony Allen,NOP,36,1.7,3,56.1,0.1,0.4,25,0,0,0,0,0,0,0.2,0.6,41.7,0,0.1,0
Tony Bradley,UTA,20,0.3,0.5,50,0,0.1,0,0.1,0.5,25,0,0.2,0,0,0,0,0,0.1,0
Tony Parker,SAS,36,1.7,2.7,60.3,0.2,0.7,36.1,0.3,0.8,44.2,0.6,1.6,39.3,0.3,1.2,29.7,0,0.1,25
Tony Snell,MIL,26,0.7,1.1,60.2,0.1,0.3,21.7,0.1,0.2,50,0.1,0.3,45.5,0.7,1.8,39.1,0.8,1.9,40.4
Torrey Craig,DEN,27,1,1.7,58.8,0,0.1,20,0,0.1,50,0,0.1,50,0.4,0.9,40,0.1,0.6,22.7
Travis Wear,LAL,27,0.1,0.1,100,0,0.1,0,0.1,0.3,40,0.1,0.7,16.7,0.6,1.1,52.6,0.6,2,29.4
Treveon Graham,CHA,24,0.5,1,50.8,0.1,0.4,37.5,0.1,0.3,31.6,0.1,0.2,53.8,0.4,0.9,43.6,0.3,0.7,40.9
Trevor Ariza,HOU,33,1.4,2.4,58.9,0,0.2,7.1,0,0.1,0,0,0.1,20,1.6,4,41.1,0.9,2.9,31.5
Trevor Booker,IND,30,1.7,2.7,61.7,0.6,1.3,48.9,0.1,0.3,30,0.1,0.3,36.8,0.1,0.2,25,0.1,0.2,25
Trey Burke,NYK,25,1.3,1.9,68.1,0.4,0.9,43.8,0.7,1.4,49,1.3,2.6,50,1,1.8,56.3,0.7,2.1,35.1
Trey Lyles,DEN,22,1.8,2.9,62.8,0.3,0.7,38.5,0.3,0.6,53.7,0.1,0.3,38.9,0.6,1.3,41.2,0.6,1.7,36.9
Trey McKinney-Jones,IND,27,0,0,0,-,-,-,0,0,0,-,-,-,-,-,-,0,0,0
Tristan Thompson,CLE,27,2.1,3.3,63.8,0.3,0.8,36.6,0.1,0.2,33.3,0,0.1,33.3,0,0,0,0,0,0
Troy Daniels,PHX,26,0.2,0.4,45.2,0.1,0.2,50,0.2,0.3,50,0.1,0.4,36.7,1.1,2.3,44.9,1.3,3.5,36.6
Troy Williams,NYK,23,1.7,2.9,60,0.1,0.1,66.7,0,0.2,0,0.1,0.2,33.3,0.2,0.6,33.3,0.4,1.3,28.6
Tyler Cavanaugh,ATL,24,0.6,1.2,54.3,0.1,0.2,57.1,0.1,0.1,60,0,0.1,0,0.7,1.6,42.6,0.2,0.8,29
Tyler Dorsey,ATL,22,0.7,1.5,49.4,0.1,0.4,21.1,0.1,0.4,20,0.3,0.6,45.7,0.7,2,32.7,0.8,1.9,39.6
Tyler Ennis,LAL,23,1.1,2,54.6,0.1,0.4,33.3,0,0.3,16.7,0.2,0.5,48,0.2,0.4,45,0.1,0.7,14.3
Tyler Johnson,MIA,26,1.4,2.3,60.8,0.3,0.8,42.4,0.3,0.7,39.6,0.4,0.9,41.8,1,2.6,37.6,0.9,2.5,35.9
Tyler Lydon,DEN,22,0,0,0,0,0,0,-,-,-,0,0,0,0,0,0,0,0,0
Tyler Ulis,PHX,22,0.5,1.3,40,0.3,0.7,46.9,0.9,1.9,46.2,0.6,1.7,38.3,0.2,0.8,27.3,0.4,1.3,32.6
Tyler Zeller,MIL,28,2.2,3.4,64.6,0.3,0.9,40.4,0.1,0.2,45.5,0,0.1,33.3,0.2,0.5,38.7,0,0,0
Tyreke Evans,MEM,28,3.9,7.6,51.9,0.2,0.7,30.6,0,0.1,40,0.3,0.6,39.4,0.8,2.1,40.2,1.8,4.4,39.6
Tyrone Wallace,LAC,24,2.3,4,57.5,0.6,1.5,38.6,0.3,1.1,30.3,0.1,0.3,40,0.3,0.9,29.6,0.1,0.4,16.7
Tyson Chandler,PHX,35,2.6,4,64.8,0,0,50,0,0,100,0,0,50,0,0,0,0,0,0
Tyus Jones,MIN,22,0.7,1.1,60.4,0.2,0.6,42.2,0.2,0.4,51.6,0.1,0.3,45.8,0.4,1,36.7,0.2,0.6,35.8
Udonis Haslem,MIA,38,0.1,0.1,100,0.1,0.1,100,0,0.1,0,0,0.3,0,0.1,0.3,25,0,0.4,0
Vander Blue,LAL,25,0.2,0.6,33.3,0,0,0,0,0,0,0,0,0,0,0,0,0,0.4,0
Victor Oladipo,IND,26,3.5,5.3,65.6,0.3,0.9,34.8,0.6,1.3,50,1.5,3.4,42.4,1,2.3,43.4,1.6,4.6,35.6
Vince Carter,SAC,41,0.5,0.9,57.4,0.1,0.3,25,0.1,0.1,42.9,0.2,0.4,52,0.4,1.1,32.3,0.7,1.9,37.6
Vincent Hunter,MEM,23,0.5,0.8,66.7,0,0,0,0,0.5,0,0.5,0.5,100,0,0,0,0,0,0
Wade Baldwin IV,POR,22,0.9,1,85.7,0.5,0.7,75,0,0.6,0,0.2,0.3,50,0,0,0,0.6,0.7,80
Walter Lemon Jr.,NOP,25,1,2.4,41.7,0.2,0.4,50,0,0,0,0,0.3,0,0.2,0.2,100,0,0,0
Wayne Ellington,MIA,30,0.5,0.8,60.9,0,0.1,12.5,0,0.1,22.2,0.1,0.3,45.5,1.3,3.1,41.9,1.7,4.6,37.5
Wayne Selden,MEM,23,1,1.9,52.2,0.3,1,30.6,0.2,0.6,40,0.3,0.5,57.9,0.5,1.3,36.2,1,2.2,43.6
Wes Iwundu,ORL,23,1,1.6,60.8,0.1,0.4,33.3,0.1,0.4,40.9,0.1,0.3,30,0.2,0.7,25,0,0.2,6.7
Wesley Johnson,LAC,30,0.5,0.9,60.9,0,0.1,28.6,0.1,0.3,40,0.4,0.9,41.8,0.8,2.1,35.9,0.2,0.8,32.1
Wesley Matthews,DAL,31,0.6,1.3,48.2,0.5,1,45.5,0.5,1.1,42.6,0.4,0.9,49.1,1.2,3,41,1.3,3.7,33.9
Will Barton,DEN,27,2.9,4.8,61.3,0.4,1.4,29.7,0.3,0.6,44,0.2,0.5,30.2,0.7,2,35.4,1.3,3.3,37.6
Willie Cauley-Stein,SAC,24,3.7,6,61.3,0.7,2.1,33.3,0.2,0.6,30.4,0.6,1.5,38.7,0.1,0.3,52.6,0,0.1,40
Willie Reed,DET,28,1.4,2,70.7,0.4,0.6,69.6,0.1,0.3,40,0.1,0.1,50,0,0,100,0,0,0
Willy Hernangomez,CHA,24,1.4,2.3,64.2,0.3,0.7,45.2,0.1,0.2,42.9,0,0.2,14.3,0.1,0.1,50,0,0.1,28.6
Wilson Chandler,DEN,31,1.9,3.2,59.7,0.4,1,39.4,0.1,0.5,24.3,0.1,0.4,36.7,0.6,1.8,36.2,0.6,1.7,36
Xavier Munford,MIL,26,0,0.2,0,0,0.2,0,0.3,0.3,100,0,0.3,0,0,0,0,0,0.5,0
Xavier Rathan-Mayes,MEM,24,1,1.4,71.4,0.2,1.2,16.7,0,0.4,0,0.4,1.2,33.3,0.6,1.8,33.3,0.2,2.2,9.1
Xavier Silas,BOS,30,0,0,0,0,0,0,0,0,0,0,1,0,0,1,0,0,0.5,0
Yogi Ferrell,DAL,25,0.9,1.7,51.8,0.1,0.4,32.3,0.3,0.7,45.6,0.6,1.3,50,0.9,2.2,43.5,0.9,2.6,33.6
Zach Collins,POR,20,0.8,1.4,55.9,0.2,0.4,37,0.2,0.4,40.7,0.1,0.4,20.8,0.4,1.1,39.2,0.1,0.7,18.6
Zach LaVine,CHI,23,2.9,5.9,49.3,0.1,0.6,14.3,0.3,0.8,33.3,0.4,1.3,30,0.8,2.9,29,1.2,3.4,34.6
Zach Randolph,SAC,36,2.7,4.2,64.5,1.1,2.5,42.6,0.4,1.2,32.4,0.9,2,46.2,0.5,1.4,35.7,0.6,1.7,34.7
Zaza Pachulia,GSW,34,1.7,2.7,62.4,0.2,0.4,42.9,0.2,0.3,55,0.1,0.4,37,0,0,0,0,0,0
Zhou Qi,HOU,22,0.2,0.4,42.9,0.1,0.2,33.3,0,0.2,0,0,0,0,0.1,0.2,50,0,0.8,0