PLAYER,TEAM,TOUCHES,FRONT CT TOUCHES,TIME OF POSS,AVG SEC PER TOUCH,AVG DRIB PER TOUCH,PTS PER TOUCH,ELBOW TOUCHES,POST UPS,PAINT TOUCHES,PTS PER ELBOW TOUCH,PTS PER POST TOUCH,PTS PER PAINT TOUCH
Aaron Brooks,MIN,12.6,4.1,1.1,5.25,5.14,0.186,0,0,0.1,0,0,0
Aaron Gordon,ORL,59.9,31.8,2.4,2.44,1.65,0.294,1.8,2.3,3.9,0.68,0.458,0.974
Aaron Harrison,DAL,29.2,17.7,1.1,2.35,1.63,0.228,1,0,0.3,0,0,1.333
Abdel Nader,BOS,13.3,9.9,0.5,2.32,1.46,0.233,0.1,0.1,0.5,0,1,0.455
Adreian Payne,ORL,12.4,6.8,0.4,1.77,0.68,0.339,1,0.6,1,0.2,0.667,1
Al Horford,BOS,63.6,40.1,2.3,2.2,1.06,0.201,3.1,5.2,3.8,0.414,0.475,0.693
Al Jefferson,IND,26.7,15.9,0.8,1.76,0.42,0.262,2.4,3.8,2,0.424,0.765,0.877
Al-Farouq Aminu,POR,36.1,19.3,1.2,1.97,1,0.259,0.9,0.2,2.2,0.234,0.154,0.631
Alan Williams,PHX,23.4,15.6,0.6,1.66,0.54,0.171,5,2.2,2.8,0.16,0,0.643
Alec Burks,UTA,25.9,17.1,1.3,3,2.5,0.298,0.4,0,0.5,0.87,0,1.182
Alec Peters,PHX,16.5,10.3,0.4,1.38,0.34,0.249,0.6,0.2,1.1,0.333,0.667,0.81
Alex Abrines,OKC,15,9.5,0.5,1.93,1.14,0.318,0.2,0,0.4,0.667,0,0.667
Alex Caruso,LAL,29.5,10.5,2.1,4.26,3.7,0.123,0.3,0,0.6,0.333,0,0.917
Alex Len,PHX,32.1,19,0.8,1.47,0.35,0.265,4,1.8,6.3,0.375,0.402,0.873
Alex Poythress,IND,5.1,2.9,0.1,1.56,0.63,0.203,0.1,0,0.7,0.667,0,0.588
Alfonzo McKinnie,TOR,4.6,2.9,0.1,1.84,0.95,0.328,0,0,0.1,0,0,2
Allen Crabbe,BKN,43.2,32.3,1.2,1.68,0.79,0.305,0.5,0,0.7,0.794,0,0.588
Amir Johnson,PHI,26.9,18.8,0.6,1.38,0.46,0.172,4,0.5,4.4,0.158,0.231,0.668
Andre Drummond,DET,52.3,39.1,1.8,2.07,0.82,0.287,5.4,3.4,11.7,0.278,0.487,0.944
Andre Iguodala,GSW,44.3,23.4,2.3,3.05,2.01,0.135,1.2,1,1.8,0.284,0.266,0.707
Andre Ingram,LAL,34,25,0.9,1.57,1.13,0.353,0,0.5,0.5,0,0,0
Andre Roberson,OKC,24.5,14.3,0.5,1.28,0.41,0.2,0.9,0,3.9,0.515,0,0.66
Andrew Bogut,LAL,15.1,8.2,0.4,1.69,0.53,0.099,1.3,0.3,2,0.188,0,0.75
Andrew Harrison,MEM,54.4,25.1,4.3,4.77,4.36,0.175,0.5,0,0.4,0.556,1,0.143
Andrew White III,ATL,15.3,11.3,0.5,1.81,1.02,0.3,0.3,0,0.4,0.4,0,0.667
Andrew Wiggins,MIN,42.5,31.7,2.1,2.9,1.95,0.416,0.5,2.5,2.3,0.636,0.665,1.122
Ante Zizic,CLE,8.7,4.8,0.2,1.7,0.48,0.427,1,0.9,2.3,0.419,0.571,1.123
Anthony Brown,MIN,5,2,0.2,2.32,1.8,0.6,0,0,0,0,0,0
Anthony Davis,NOP,71.7,43.9,2.3,1.93,0.85,0.392,4.4,6.4,10.1,0.681,0.614,1.153
Anthony Tolliver,DET,46.1,20.4,1,1.34,0.28,0.193,0.7,0.1,1,0.107,0.667,0.772
Antonio Blakeney,CHI,18.4,14.8,0.8,2.73,2.2,0.431,0.2,0,0.4,0,0,1.143
Antonius Cleveland,ATL,5.9,4.3,0.2,1.91,1.19,0.23,0.1,0,0.5,0,0,0.5
Aron Baynes,BOS,28.2,19.1,0.7,1.54,0.38,0.21,3,1.4,4.6,0.342,0.541,0.711
Arron Afflalo,ORL,14.1,10.9,0.5,2.03,1.01,0.24,0.3,1.1,0.2,0.667,0.345,0.4
Austin Rivers,LAC,68.9,33,5.2,4.52,4.03,0.215,0.6,0,1,0.649,0,0.65
Avery Bradley,LAC,40.3,34.8,1.4,2.08,1.33,0.354,1.2,0,1.4,0.434,2,0.848
Bam Adebayo,MIA,27.3,20.1,1,2.16,0.77,0.256,5,2.7,4.8,0.127,0.187,0.892
Ben McLemore,MEM,27.9,19,0.9,1.91,1.13,0.27,0.9,0,1.4,0.48,0,0.775
Ben Moore,IND,4,1.5,0.1,1.12,0.37,0,0,0,0.5,0,0,0
Ben Simmons,PHI,95,34,7,4.45,3.53,0.166,1.3,3.2,4.6,0.613,0.197,0.764
Bismack Biyombo,ORL,30.3,15.1,0.8,1.52,0.28,0.189,2.9,0.5,5.3,0.295,0.579,0.727
Blake Griffin,DET,86.3,51,4,2.81,1.95,0.248,3.9,6.4,3.2,0.384,0.436,0.76
Boban Marjanovic,LAC,13.3,8.8,0.4,1.65,0.36,0.453,1.1,3.2,4.5,0.244,0.635,0.943
Bobby Brown,HOU,12,6.5,0.9,4.41,3.91,0.209,0.1,0,0,0,0,0
Bobby Portis,CHI,43,27.3,1.3,1.76,0.85,0.307,2.2,2.6,4.3,0.362,0.613,0.889
Bogdan Bogdanovic,SAC,48.8,33.4,2.5,3.13,2.31,0.241,0.7,0.3,1,0.509,0.583,0.654
Bojan Bogdanovic,IND,36.1,29.3,1.3,2.09,1.18,0.395,0.9,0.3,0.9,0.87,0.462,1.133
Bradley Beal,WAS,70.2,43,4.6,3.94,3.27,0.323,0.8,0.4,1.4,0.563,0.484,0.766
Brandan Wright,HOU,19.7,11.3,0.5,1.61,0.59,0.252,1.8,0.5,3.7,0.255,0.533,0.942
Brandon Ingram,LAL,56.7,34.4,3.7,3.94,2.94,0.284,1,0.9,2.3,0.579,0.415,0.881
Brandon Jennings,MIL,36.7,11.9,2.9,4.69,4.6,0.142,0.1,0.1,0.1,0,0,0
Brandon Paul,SAS,11.3,8,0.4,1.98,1.1,0.204,0.2,0,0.3,0.833,0,1.091
Briante Weber,MEM,27.2,9,1.9,4.15,3.77,0.102,0.2,0.1,0.5,0,0,0.222
Brice Johnson,MEM,9.9,4.8,0.2,1.44,0.42,0.242,0.7,0.3,0.9,0.615,1,0.938
Brook Lopez,LAL,37.2,26.1,1.1,1.74,0.54,0.349,3,5.5,3.1,0.416,0.495,0.948
Bruno Caboclo,SAC,13.5,6.4,0.3,1.27,0.27,0.16,0.3,0.7,0.8,0.667,0.75,0.8
Bryn Forbes,SAS,21.5,16.4,0.8,2.33,1.74,0.322,0.3,0,0.2,0.333,0,0.692
Buddy Hield,SAC,38.6,27.2,1.8,2.74,2.09,0.35,0.5,0,0.8,0.561,1,0.828
C.J. Williams,LAC,20.6,14.7,0.7,2.03,1.21,0.267,0.1,0,0.7,0.8,0,1.04
CJ McCollum,POR,59,31.1,4.4,4.53,4.14,0.362,0.5,0,0.8,0.537,0,0.738
CJ Miles,TOR,22.8,17.1,0.6,1.63,0.83,0.439,0.2,0,0.2,0.429,0,0.929
Caleb Swanigan,POR,9.3,6.3,0.3,2,0.6,0.244,1,1,1.9,0.269,0.222,0.784
Cameron Payne,CHI,57.6,21.2,3.8,3.98,3.32,0.154,0.2,0,0.7,0.4,0,0.722
Caris LeVert,BKN,50.9,28.2,3.4,4,3.53,0.235,0.4,0,1.2,0.423,0,0.6
Carmelo Anthony,OKC,53.9,28.5,1.8,2.06,0.97,0.302,1.4,3.6,1.4,0.429,0.654,0.981
Cedi Osman,CLE,14.7,7.7,0.6,2.25,1.46,0.266,0.1,0,0.5,0.5,0,0.727
Chandler Parsons,MEM,30.3,22.3,1.3,2.56,1.51,0.26,0.4,0.3,0.5,0.429,0.182,0.889
Channing Frye,LAL,22.1,11.2,0.6,1.52,0.45,0.225,0.6,0.7,0.9,0.424,0.676,1.063
Charles Cooke,NOP,3.3,2.2,0.1,2.61,1.7,0.14,0,0,0,0,0,0
Cheick Diallo,NOP,17.3,7.2,0.4,1.42,0.31,0.283,0.9,0.4,2.5,0.833,0.727,0.992
Chinanu Onuaku,HOU,26,18,0.7,1.66,0.38,0.154,3,3,4,0,0.667,0
Chris Boucher,GSW,4,3,0.1,1.63,0,0,0,0,0,0,0,0
Chris McCullough,WAS,9.5,4.5,0.2,1.49,0.58,0.256,0.5,0.1,1,0.222,0,0.737
Chris Paul,HOU,71.4,24.3,6.8,5.72,5.1,0.259,0.4,1.3,0.7,0.625,0.487,0.421
Clint Capela,HOU,51.5,25.3,1.3,1.48,0.35,0.265,5.1,0.7,10.7,0.516,0.636,0.919
Cody Zeller,CHA,19.8,14.6,0.5,1.51,0.63,0.356,3.1,0.2,4.5,0.406,0.4,0.812
Cole Aldrich,MIN,3.8,2,0.1,1.47,0.28,0.15,0.4,0.1,0.8,0.333,0.667,0.563
Corey Brewer,OKC,16.2,10.2,0.5,1.98,1.26,0.325,0.4,0,1.1,0.519,0,0.671
Cory Joseph,IND,51.6,22,3.8,4.37,4.52,0.153,0.5,0,0.5,0.59,0.5,0.553
Courtney Lee,NYK,38.5,29.3,1.8,2.78,1.91,0.309,0.9,0,0.9,0.515,2,0.8
Cristiano Felicio,CHI,21,15.9,0.7,1.87,0.6,0.266,2.9,1.3,4.1,0.34,0.338,0.749
D'Angelo Russell,BKN,66.5,29.8,5.2,4.69,4.05,0.233,0.4,0.3,0.8,0.474,0,0.825
D.J. Augustin,ORL,52.4,21.6,4.4,4.99,5.12,0.195,0.3,0,0.5,0.731,0,0.371
D.J. Wilson,MIL,5,2.7,0.1,1.55,0.42,0.193,0.5,0,0.2,0.2,0,0.8
Dakari Johnson,OKC,5.9,4.1,0.2,1.9,0.59,0.303,0.4,0.5,0.9,0.308,0.867,0.556
Damian Jones,GSW,7.3,4.7,0.2,1.49,0.3,0.229,0.7,0.3,1.7,0,0,0.72
Damian Lillard,POR,82.2,30.1,7.9,5.75,5.33,0.327,0.5,0,0.8,0.615,1,0.695
Damien Wilkins,IND,10.2,7.9,0.4,2.49,1.36,0.171,0.2,0.2,0.4,0,0.5,0
Damion Lee,ATL,41,25.3,1.9,2.77,1.96,0.262,0.6,0,1.3,0.667,0,0.789
Damyean Dotson,NYK,13.8,10.6,0.5,2.03,1.26,0.299,0.2,0,0.5,0.4,0,1
Daniel Hamilton,OKC,11.2,4,1,5.22,4.92,0.179,0.2,0,0,0,0,0
Daniel Theis,BOS,23.7,15.1,0.6,1.59,0.34,0.228,1.3,0.5,3.4,0.468,0.467,0.846
Danilo Gallinari,LAC,51.5,32.1,2.2,2.55,1.29,0.297,1,2.3,2,0.8,0.458,0.81
Danny Green,SAS,38.6,26,1.3,2.07,1.14,0.222,0.5,0,0.9,0.5,0,0.656
Dante Cunningham,BKN,27.9,14.6,0.6,1.25,0.27,0.204,0.8,0.2,2.1,0.579,0.118,0.713
Dante Exum,UTA,35.4,14.1,2.6,4.45,3.93,0.23,0.4,0,0.8,0.8,0,0.545
Danuel House,PHX,21,14.7,0.7,2.13,1.17,0.315,0.5,0.1,1,0.636,0,1.042
Dario Saric,PHI,60.4,38.1,1.6,1.61,0.62,0.242,2.9,2,4.3,0.386,0.383,0.764
Darius Miller,NOP,23.1,17,0.7,1.75,0.86,0.336,0.4,0,0.3,0.333,0,0.19
Darrell Arthur,DEN,11.8,7.3,0.3,1.45,0.4,0.24,0.6,0.2,1,0.364,0.5,0.737
Darren Collison,IND,63,27,4.8,4.61,4.19,0.197,0.3,0,0.5,0.944,0,1
Darrun Hilliard,SAS,9.7,6.5,0.5,2.79,1.89,0.118,0.1,0,0.1,0,0,0
David Nwaba,CHI,23.5,16.4,1,2.57,2.02,0.337,0.7,0.4,2.3,0.481,0.714,0.925
David Stockton,UTA,7,1.7,0.8,7.13,6.72,0.476,0,0,0,0,0,0
David West,GSW,26.5,19.2,0.8,1.72,0.5,0.256,2.7,3.4,3.3,0.495,0.271,0.988
Davis Bertans,SAS,24.2,13.6,0.6,1.4,0.5,0.245,0.3,0.1,0.7,0.25,0.6,0.922
Davon Reed,PHX,15.9,9.9,0.6,2.29,1.5,0.189,0.3,0,0.3,0.667,0,0.5
De'Aaron Fox,SAC,67.8,23.4,5.3,4.65,4.37,0.17,0.4,0,0.7,0.581,0,0.692
DeAndre Jordan,LAC,55.3,25.6,1.4,1.53,0.23,0.217,2.7,1.5,10.3,0.24,0.277,0.972
DeAndre Liggins,NOP,12.3,8.5,0.5,2.47,1.75,0.144,0.1,0,0.2,0,3,0.889
DeAndre' Bembry,ATL,29.9,18.6,1.5,3.08,2.43,0.182,0.3,0.1,1,0.714,0,0.654
DeMar DeRozan,TOR,63.3,38.2,4.9,4.68,3.99,0.363,1.4,1.2,1.1,0.618,0.452,0.857
DeMarcus Cousins,NOP,89.4,57,3.9,2.59,1.29,0.282,4,7.5,5,0.258,0.445,0.938
DeMarre Carroll,BKN,51.3,31.6,2.1,2.48,1.47,0.267,0.4,0.2,1.8,0.615,0,0.651
Dejounte Murray,SAS,52.6,17.5,4.3,4.89,4.51,0.153,0.6,0,2.2,0.449,1.25,0.758
Delon Wright,TOR,42.4,21.9,2.9,4.1,3.58,0.189,0.3,0,0.9,0.409,0,0.898
Demetrius Jackson,PHI,12.7,4.6,0.9,4.39,4.32,0.084,0.1,0,0.2,0,0,0
Dennis Schroder,ATL,87.4,36.5,7.1,4.88,4.15,0.221,0.4,0,0.5,0.444,0,0.343
Dennis Smith Jr.,DAL,78.6,29.2,6.5,4.96,4.7,0.193,0.5,0.3,1.1,0.459,0.444,0.709
Denzel Valentine,CHI,40,29.5,1.9,2.79,2.07,0.254,0.5,0,0.8,0.514,1,0.542
Derrick Favors,UTA,51.5,32.4,1.2,1.36,0.31,0.238,4.8,1.8,7.7,0.597,0.304,0.963
Derrick Jones Jr.,MIA,10.8,7.5,0.3,1.6,0.79,0.282,0.3,0,1.3,0.5,0,0.962
Derrick Rose,MIN,29.2,11.8,2,4.04,3.51,0.286,0.3,0.1,1.2,1.25,0,1.069
Derrick Walton Jr.,MIA,16.4,7.1,1.1,4.04,3.45,0.111,0.1,0,0.1,0,0,0
Derrick White,SAS,13.9,6.2,0.8,3.65,3.08,0.228,0.1,0,0.5,0.5,0,0.875
Derrick Williams,LAL,6.5,4,0.2,1.97,0.77,0.154,0,0,0.5,0,0,2
Devin Booker,PHX,67.2,38,4.8,4.24,3.57,0.371,1.1,1.9,1.4,0.6,0.495,0.795
Devin Harris,DEN,33.7,17.9,2.1,3.68,3.23,0.248,0.7,0,0.4,0.404,0,0.714
Devin Robinson,WAS,20,15,0.5,1.35,0.3,0.1,0,0,2,0,0,1
Dewayne Dedmon,ATL,42,24.6,1,1.47,0.34,0.239,3.7,0.6,4.2,0.395,0.429,0.981
Deyonta Davis,MEM,22.1,12.1,0.5,1.36,0.24,0.263,2.2,0.4,3.9,0.191,0.308,1.061
Dillon Brooks,MEM,38.9,30,1.5,2.39,1.39,0.282,0.9,0.1,1.5,0.31,0.6,0.653
Dion Waiters,MIA,56.3,31,4.4,4.66,4.1,0.261,0.7,0,0.5,0.4,0,0.571
Dirk Nowitzki,DAL,42.6,27.6,1,1.39,0.25,0.283,1.9,2.6,0.9,0.469,0.627,0.866
Domantas Sabonis,IND,54.8,32.9,1.4,1.51,0.61,0.212,4.8,2.6,6,0.632,0.466,0.798
Donovan Mitchell,UTA,61.2,35.2,4.4,4.27,3.8,0.334,0.7,0.1,1,0.69,0,0.927
Dorian Finney-Smith,DAL,27.1,17.2,0.8,1.88,0.82,0.216,0.3,0.2,1.4,0.5,0,0.9
Doug McDermott,DAL,26.3,21.3,0.7,1.5,0.45,0.294,0.7,0.1,1.8,0.5,0.364,1.055
Dragan Bender,PHX,45,22.8,1.1,1.51,0.45,0.144,0.8,1.1,1.2,0.294,0.141,0.677
Draymond Green,GSW,78.2,39.5,2.9,2.22,1.28,0.141,2.2,4.3,3.7,0.404,0.151,0.703
Dwayne Bacon,CHA,14,9.9,0.6,2.68,1.77,0.236,0.1,0,0,0.667,0,0
Dwight Buycks,DET,35.1,12.2,3.3,5.67,5.26,0.211,0.2,0,0.5,0.857,0,0.533
Dwight Howard,CHA,48.1,27,1.6,2.02,0.91,0.346,2.6,8.2,9.3,0.402,0.563,0.988
Dwight Powell,DAL,33.6,18.9,0.9,1.53,0.41,0.253,2.4,0.4,5.9,0.354,0.424,0.894
Dwyane Wade,MIA,47.8,23,3.2,4.01,3.07,0.239,1,2,2.1,0.514,0.511,0.852
E'Twaun Moore,NOP,39,27.6,1.5,2.24,1.62,0.319,1.1,0.2,1.9,0.681,0.647,1.032
Ed Davis,POR,30.5,12.3,0.8,1.67,0.45,0.174,1.8,0.4,4.8,0.507,0.393,0.779
Edmond Sumner,IND,4,1,0.3,4.66,4,0.5,0,0,0,0,0,0
Ekpe Udoh,UTA,17.9,11.1,0.4,1.42,0.35,0.144,2,0.4,2.8,0.209,0.16,0.68
Elfrid Payton,PHX,65.5,20.9,5.6,5.1,4.69,0.193,1,0.1,1.6,0.636,0.375,0.67
Emeka Okafor,NOP,14.9,8.2,0.3,1.16,0.19,0.295,1.4,0.7,4,0.27,0.444,0.67
Emmanuel Mudiay,NYK,45.6,17.7,3.5,4.56,4.11,0.189,0.3,0.1,0.8,1,0.889,0.653
Enes Kanter,NYK,51.4,29.8,1.5,1.78,0.44,0.275,3.5,5.9,7.9,0.517,0.524,1.007
Eric Bledsoe,MIL,71.8,27.4,5.5,4.6,4,0.247,0.8,0.4,1.4,0.169,0.531,0.861
Eric Gordon,HOU,40.2,25.3,2,2.95,2.46,0.442,0.3,0.1,0.7,0.55,0.5,0.844
Eric Moreland,DET,16.1,12.1,0.5,2.05,0.68,0.133,3.5,0.4,2.8,0.094,0.143,0.5
Erik McCree,UTA,2.5,1.3,0.2,3.84,2.5,0,0,0,0,0,0,0
Ersan Ilyasova,PHI,45.7,27.3,1,1.36,0.45,0.238,2.8,0.7,3.8,0.391,0.66,0.862
Evan Fournier,ORL,41.7,32.9,1.8,2.53,1.79,0.426,0.8,0.1,1.2,0.864,0.286,1.014
Evan Turner,POR,38.7,21.3,2.4,3.71,2.82,0.212,0.2,1.8,0.8,0.737,0.65,0.896
Frank Kaminsky,CHA,47.3,26.6,1.3,1.64,0.6,0.233,2,1.2,1.3,0.443,0.598,0.827
Frank Mason,SAC,43.7,16.2,3.9,5.29,4.89,0.182,0.4,0,0.6,0.579,0,0.5
Frank Ntilikina,NYK,48.3,20,3.6,4.48,4.14,0.124,0.3,0.2,0.5,0.3,0.133,0.605
Fred VanVleet,TOR,39.9,18.5,2.9,4.39,4.26,0.217,0.2,0,0.3,0.583,0,0.55
Furkan Korkmaz,PHI,6.6,4.7,0.2,2.06,1.38,0.25,0.1,0,0.1,0,0,2
Garrett Temple,SAC,38.2,25.1,1.9,2.99,2.3,0.22,0.4,0,0.8,0.652,0,0.54
Gary Harris,DEN,42.2,33.7,1.7,2.47,1.99,0.413,0.6,0.1,1.2,0.923,0,0.75
Gary Payton II,LAL,14.9,6.9,0.7,2.86,2.38,0.201,0.3,0,1.5,0,0,0.824
George Hill,CLE,54.4,23.7,4.1,4.51,4.01,0.183,0.3,0.3,0.8,0.348,0.111,0.706
Georges Niang,UTA,5.2,3.4,0.2,2.69,1.53,0.191,0.1,0.2,0.7,0,1,0.333
Georgios Papagiannis,POR,13.9,7.1,0.4,1.58,0.38,0.152,1.7,1,1.9,0.345,0.353,0.667
Gerald Green,HOU,29.1,16.4,1.3,2.63,1.77,0.417,0.3,0.1,0.5,0.545,2,0.636
Gian Clavell,DAL,9.9,7.1,0.3,1.92,1.19,0.29,0.3,0,0.3,0,0,0
Giannis Antetokounmpo,MIL,85.7,45.2,4.8,3.33,2.32,0.313,4.7,3.9,5.3,0.489,0.418,1.064
Glenn Robinson III,IND,16.6,12.2,0.5,1.73,0.85,0.249,0.2,0,0.9,0.6,2,0.85
Goran Dragic,MIA,79.1,34.2,6.1,4.61,4.29,0.218,1,0.2,1.4,0.592,0.467,0.75
Gordon Hayward,BOS,9,7,0.2,1.32,0.67,0.222,1,0,0,2,0,0
Gorgui Dieng,MIN,28.3,16.3,0.7,1.59,0.45,0.21,2.1,0.6,3.2,0.455,0.367,0.713
Greg Monroe,BOS,38.3,25.7,1.4,2.18,0.72,0.27,3.7,5,5.3,0.355,0.454,0.898
Guerschon Yabusele,BOS,14.1,8.9,0.4,1.77,0.73,0.175,0.3,0.3,0.8,0.5,0.625,0.583
Harrison Barnes,DAL,59.2,36.3,2.5,2.49,1.41,0.318,1.2,4.5,1.7,0.684,0.501,0.896
Hassan Whiteside,MIA,33.7,22.8,1.1,1.89,0.57,0.414,4.5,4.4,9.1,0.412,0.513,0.964
Henry Ellenson,DET,19.5,9.1,0.6,1.8,0.92,0.204,0.5,0.3,0.5,0.333,0.4,0.789
Ian Clark,NOP,26.4,16.1,1.3,2.99,2.49,0.282,0.3,0,0.6,0.8,0,0.822
Ian Mahinmi,WAS,21.1,11.2,0.5,1.49,0.33,0.225,2.2,0.3,4,0.396,0.409,0.812
Ike Anigbogu,IND,5.5,2.7,0.1,1.34,0.45,0.217,0.1,0.4,0.6,2,0.5,1
Iman Shumpert,SAC,28.6,11.5,1.8,3.85,3.5,0.155,0.3,0,0.6,1,0,1.25
Isaiah Canaan,PHX,53.1,21,4.6,5.24,5.14,0.162,0,0,0.5,0,0,0.222
Isaiah Hicks,NYK,19,11.4,0.5,1.58,0.44,0.234,1.2,1.1,2.4,0.571,0.526,0.744
Isaiah Taylor,ATL,39.5,17.7,2.9,4.39,4.09,0.168,0.3,0,0.4,0.895,0,0.655
Isaiah Thomas,LAL,56.8,22.7,4.6,4.83,4.45,0.267,0.3,0,0.3,0.875,0,0.545
Isaiah Whitehead,BKN,20.2,9.2,1.5,4.55,4.26,0.287,0.1,0,0.3,0,0,0.5
Ish Smith,DET,62.8,19.1,5.2,4.95,5.09,0.174,0.3,0,0.7,0.435,0,0.721
Ivan Rabb,MEM,24.6,14.1,0.7,1.79,0.56,0.227,2.6,1.7,3.9,0.379,0.475,0.768
Ivica Zubac,LAL,17.4,9.4,0.4,1.38,0.31,0.216,1.5,1.1,2.9,0.381,0.125,0.888
J.J. Barea,DAL,63.6,25.7,5.5,5.22,5.21,0.183,0.4,0,0.2,0.519,0,0.5
JJ Redick,PHI,45.2,39.2,1.4,1.83,1.04,0.377,0.6,0,0.7,0.359,1,0.7
JR Smith,CLE,31.7,20.2,1.3,2.42,1.74,0.261,0.3,0,0.6,0.583,0.667,0.362
JaKarr Sampson,SAC,19.7,11,0.5,1.66,0.47,0.238,0.6,1,2,0.286,0.429,1.022
JaMychal Green,MEM,46,25.5,1.2,1.62,0.51,0.225,2.5,1.7,5.2,0.356,0.441,0.817
JaVale McGee,GSW,13.6,8.2,0.3,1.28,0.36,0.351,1.2,0.7,2.7,0.663,0.5,1.011
Jabari Bird,BOS,8.4,5.8,0.3,2.19,1.43,0.358,0.2,0,0.8,0.667,0,1.091
Jabari Parker,MIL,45.4,27.1,1.5,2.01,1.23,0.278,1.7,1.1,3,0.463,0.412,0.624
Jack Cooley,SAC,18.3,13.1,0.6,1.82,0.4,0.313,2.4,1.1,4.6,0.412,0.5,0.844
Jacob Pullen,PHI,3.3,2,0.3,6.07,6.5,0.2,0,0,0,0,0,0
Jacob Wiley,BKN,11.3,5,0.3,1.4,0.58,0.089,0.8,0,0.8,0.333,0,0.333
Jae Crowder,UTA,38.6,22.5,1,1.56,0.7,0.25,0.6,0.5,1.8,0.636,0.158,0.931
Jahlil Okafor,BKN,20.5,14.4,0.8,2.23,1.09,0.307,2.3,3,2.8,0.609,0.524,0.873
Jake Layman,POR,5.3,4.1,0.2,1.75,0.88,0.184,0.1,0.1,0.2,0,0,0.714
Jakob Poeltl,TOR,27.1,14.8,0.6,1.27,0.29,0.255,2.2,0.4,5.4,0.506,0.406,0.919
Jalen Jones,DAL,15.4,9.1,0.6,2.15,1.25,0.301,0.3,0.1,0.9,0.6,0,1
Jamal Crawford,MIN,29.4,17.9,2,4.02,3.75,0.35,0.3,0,0.2,0.652,2,0.5
Jamal Murray,DEN,70.8,29.6,5.2,4.36,3.84,0.236,0.6,0.1,1.6,0.556,0.333,0.782
Jameel Warney,DAL,12.3,9,0.3,1.59,0.43,0.459,1.3,2.3,4,0.5,0.571,1
Jameer Nelson,DET,49.7,19.7,3.5,4.21,3.76,0.099,0.1,0,0.4,0.286,0,0
Jamel Artis,ORL,24.3,15.2,1.1,2.61,1.89,0.211,0.5,0.3,0.5,0.857,0,1.286
James Ennis III,DET,21.7,16.8,0.8,2.18,1.19,0.328,0.6,0.1,1.8,1,0.4,0.876
James Harden,HOU,83.4,25.7,8.8,6.34,5.86,0.362,0.6,1.4,1,0.25,0.485,0.606
James Johnson,MIA,53.2,25.3,2.6,2.89,2.13,0.201,1.4,1.5,1.7,0.427,0.349,0.902
James Michael McAdoo,PHI,9.7,6,0.2,0.99,0.17,0.276,0,0,0.3,0,0,2
James Webb III,BKN,21.7,10.6,0.4,1.18,0.24,0.074,0.1,0.4,0.8,0,0,0
James Young,PHI,9,7.8,0.3,1.73,0.43,0.315,0.5,0,0.3,0,0,0
Jamil Wilson,LAC,27.1,15.4,0.6,1.41,0.49,0.258,0.3,0.1,0.4,0.8,0,1
Jared Dudley,PHX,28.7,15.8,0.7,1.55,0.48,0.11,0.6,0.7,0.5,0.071,0.121,0.727
Jarell Eddie,CHI,2.7,1.7,0.1,2.31,1.63,0,0,0,0,0,0,0
Jarell Martin,MEM,35.9,19.6,1.2,1.99,0.77,0.215,1.5,0.6,2.6,0.351,0.5,0.771
Jarrett Allen,BKN,32.3,20.2,0.7,1.34,0.35,0.257,2.7,0.3,6.4,0.416,0.522,0.84
Jarrett Jack,NYK,63.4,21.1,5.2,4.9,4.65,0.117,0.3,0.2,0.2,0.313,0,0.5
Jason Smith,WAS,15.6,8.6,0.4,1.36,0.25,0.219,1,0.2,1.1,0.313,0,0.722
Jason Terry,MIL,18.7,11.4,0.5,1.74,1.03,0.174,0.1,0,0.1,0.571,0,0
Jawun Evans,LAC,32.2,13.2,2.1,3.96,3.73,0.147,0.2,0,0.3,0.636,0,0.5
Jaylen Brown,BOS,38.9,26.5,1.6,2.39,1.56,0.369,0.5,1.2,2.6,0.688,0.573,0.784
Jaylen Morris,ATL,17.5,9.3,0.7,2.32,1.67,0.267,0,0,0.7,0,0,1.5
Jayson Tatum,BOS,42.7,27.3,1.8,2.53,1.58,0.325,0.6,0.9,1.4,0.614,0.515,0.963
Jeff Green,CLE,33.1,18.1,1.4,2.55,1.54,0.327,0.9,1.3,2.3,0.535,0.615,1.006
Jeff Teague,MIN,76,24.1,7.1,5.57,5.33,0.187,0.2,0.1,0.3,0.294,1.2,0.429
Jeff Withey,DAL,5.7,3.7,0.1,1.4,0.26,0.263,0.5,0.2,0.2,1,0,1
Jerami Grant,OKC,30.9,16.6,0.8,1.59,0.56,0.272,1.8,1,3.2,0.676,0.608,0.843
Jeremy Evans,ATL,8,6,0.2,1.43,0.75,0.25,0,0,1,0,0,2
Jeremy Lamb,CHA,36,26.5,2,3.38,2.42,0.358,0.7,0.1,1,0.943,0.5,0.91
Jeremy Lin,BKN,50,22,4.3,5.11,5.22,0.36,1,0,1,2,0,2
Jerian Grant,CHI,51.1,20,4,4.69,4.63,0.164,0.2,0.1,0.2,0,0,0.143
Jerryd Bayless,PHI,30.1,22.2,1.2,2.41,1.62,0.266,0.4,0,1,0.643,0,1.105
Jimmy Butler,MIN,63.1,40.3,4.5,4.25,3.1,0.351,1.1,2.6,3,0.667,0.422,0.989
Joakim Noah,NYK,13.4,7.4,0.3,1.48,0.61,0.128,0.6,0.4,1.6,0,0,0.545
Jodie Meeks,WAS,19.3,14.9,0.6,1.82,1.3,0.327,0.3,0,0.2,0.385,0,1.059
Joe Harris,BKN,36.9,28.5,1.2,1.88,0.87,0.295,0.6,0,1.2,0.688,0,0.8
Joe Ingles,UTA,51.6,37,2.5,2.92,1.97,0.222,1.2,0,0.5,0.158,0,0.707
Joe Johnson,HOU,33.9,19.8,1.5,2.58,1.64,0.199,0.5,2.5,0.4,0.481,0.547,0.609
Joe Young,IND,16.8,8.2,1.1,4.11,3.81,0.233,0.1,0,0.2,0,1,0.5
Joel Bolomboy,MIL,7.7,4.7,0.2,1.94,0.41,0.196,0.5,0.2,2.2,0,0,0.385
Joel Embiid,PHI,76.4,52.2,2.8,2.19,0.91,0.302,3.7,13.7,6.3,0.346,0.655,0.916
Joffrey Lauvergne,SAS,15.1,9.8,0.5,1.83,0.7,0.271,2,1.1,3.5,0.389,0.467,0.821
John Collins,ATL,47.2,26.7,1.2,1.49,0.41,0.22,4.6,0.9,6.9,0.375,0.422,0.898
John Henson,MIL,30.7,19.8,0.8,1.47,0.34,0.288,4,0.6,7.7,0.262,0.574,0.853
John Holland,CLE,8.4,5.2,0.3,2.37,1.7,0.267,0.3,0.1,0.3,0.667,0,0.571
John Wall,WAS,80.6,23.3,8.5,6.3,5.62,0.241,0.3,0.2,0.2,0.364,0.444,1.2
Johnathan Motley,DAL,26.6,17,0.9,2,0.8,0.328,3.1,2,3.6,0.588,0.636,1.025
Johnny O'Bryant III,CHA,17.3,10.1,0.5,1.77,0.77,0.275,1,1.3,1.9,0.333,0.447,0.667
Jon Leuer,DET,28.6,15.9,0.8,1.72,0.56,0.188,2.6,0.8,2.6,0.095,0.333,0.857
Jonas Jerebko,UTA,28.2,17.3,0.6,1.38,0.4,0.206,0.6,0.1,1.2,0.766,0.091,0.818
Jonas Valanciunas,TOR,47.5,25.5,1.4,1.76,0.58,0.268,3.5,2.8,6.7,0.701,0.696,0.949
Jonathan Gibson,BOS,14.3,8,0.8,3.2,2.63,0.596,0.5,0,0.3,1,0,2
Jonathan Isaac,ORL,28,14.9,0.7,1.53,0.56,0.192,0.7,0.5,1.7,0.35,0.308,0.702
Jonathon Simmons,ORL,42.3,30.4,2.5,3.48,2.87,0.329,0.9,0.7,1.4,0.508,0.56,0.711
Jordan Bell,GSW,27.7,15.9,0.8,1.71,0.5,0.166,1.9,1.1,3.2,0.377,0.194,0.8
Jordan Clarkson,CLE,41.4,20.6,3,4.41,3.7,0.335,0.6,0.1,1.1,0.711,0.5,0.833
Jordan Crawford,NOP,27,10.4,2,4.54,4.21,0.244,0,0.2,0.2,0,0,0
Jordan Mickey,MIA,23.3,9.7,0.6,1.58,0.53,0.174,1.6,0.7,1.8,0.595,0.375,0.878
Jose Calderon,CLE,31.4,10.7,2.3,4.43,4.23,0.142,0.2,0,0.4,0.455,0,0.455
Josh Gray,PHX,43.6,14.8,3.9,5.34,5.38,0.147,0.2,0,0.4,0,0,0
Josh Hart,LAL,24.4,15.2,1,2.37,1.6,0.323,0.4,0.1,1,0.778,0,0.631
Josh Huestis,OKC,12.9,7.4,0.3,1.46,0.48,0.181,0.2,0,0.9,0.071,1,0.61
Josh Jackson,PHX,37.5,25.3,1.6,2.59,1.89,0.35,0.7,0.2,2.2,0.547,0.438,0.964
Josh Magette,ATL,28.5,12.2,2.1,4.43,4.38,0.09,0.1,0,0.1,0,0,0
Josh McRoberts,DAL,3.5,1,0.1,1.19,0.57,0,0.5,0,0,0,0,0
Josh Richardson,MIA,57.2,31.1,3.5,3.62,2.86,0.227,0.7,0.2,1.2,0.492,0.533,0.688
Josh Smith,NOP,8.3,4.3,0.3,1.89,0.8,0.08,0.3,0,1,0,0,0.667
Jrue Holiday,NOP,77.1,36.7,4.6,3.61,3.19,0.246,1.1,0.7,2.2,0.644,0.767,0.896
Juancho Hernangomez,DEN,13.8,8.5,0.3,1.44,0.62,0.237,0.2,0.1,0.8,1,0,1
Julius Randle,LAL,51.1,29.4,2.2,2.61,1.35,0.316,3.1,4.6,5.5,0.563,0.467,0.978
Julyan Stone,CHA,10.5,4.3,0.7,4.25,4,0.079,0,0,0.1,0,0,0
Justin Anderson,PHI,20.4,15.6,0.7,1.94,0.85,0.305,0.4,0,1.7,0.846,0,0.71
Justin Holiday,CHI,34.4,26.1,1.2,2.13,1.55,0.353,0.5,0,1,0.568,0,0.873
Justin Jackson,SAC,27.3,20,0.8,1.82,0.68,0.244,0.5,0.1,1.1,0.667,0,1.065
Justin Patton,MIN,4,2,0.2,2.63,1.25,0.5,0,1,1,0,2,2
Justise Winslow,MIA,47,19.2,2.4,3.01,2.21,0.163,0.7,0.6,2,0.522,0.216,0.559
Jusuf Nurkic,POR,57.1,31,1.6,1.71,0.53,0.251,4.5,4.5,6.2,0.503,0.52,0.963
Kadeem Allen,BOS,10.9,3.8,0.8,4.49,4.02,0.096,0,0,0.3,0,0,1
Karl-Anthony Towns,MIN,69.3,42.3,2,1.75,0.53,0.307,3.6,6.5,6.1,0.622,0.675,1.077
Kawhi Leonard,SAS,41.3,25.1,3.2,4.7,3.98,0.392,0.8,2.6,1.4,1.143,0.348,0.692
Kay Felder,DET,20.8,9.3,1.4,4.17,4.2,0.172,0,0,0.3,0,0,0
Kelly Olynyk,MIA,50.3,30.2,1.7,1.99,0.78,0.228,2,1.9,2.9,0.311,0.451,0.728
Kelly Oubre Jr.,WAS,34.3,24.6,1.2,2.13,1.26,0.343,0.6,0,1.3,0.771,0,0.945
Kemba Walker,CHA,81.2,25.6,7.8,5.77,5.52,0.272,0.2,0,0.5,0.375,0,0.548
Kendrick Perkins,CLE,23,12,0.9,2.22,0.96,0.13,1,2,1,0,1.5,0
Kenneth Faried,DEN,20.4,11.3,0.6,1.62,0.56,0.288,1.4,1.1,5,0.591,0.471,0.855
Kent Bazemore,ATL,52.9,35.4,2.3,2.59,1.72,0.241,0.6,0,0.7,0.541,0,0.956
Kentavious Caldwell-Pope,LAL,42.6,24.1,1.7,2.33,1.65,0.315,0.6,0,1.3,0.561,0,0.811
Kevin Durant,GSW,67.9,39.1,3.9,3.45,2.42,0.388,1.7,4.3,1.7,0.649,0.534,1.19
Kevin Love,CLE,52.3,28.2,1.4,1.65,0.42,0.337,1.6,4.5,4.8,0.358,0.633,0.905
Kevon Looney,GSW,21.1,12.5,0.6,1.62,0.62,0.191,1.2,0.8,2.8,0.354,0.208,0.732
Khem Birch,ORL,19.7,11.3,0.5,1.51,0.53,0.215,2.4,0.8,4,0.287,0.265,0.681
Khris Middleton,MIL,64.5,36.9,3.1,2.91,2.11,0.313,1.4,1.5,1,0.412,0.624,0.8
Klay Thompson,GSW,47.7,36.5,1.7,2.13,1.38,0.42,1.6,1.1,2.1,0.843,0.7,0.815
Kobi Simmons,MEM,40.6,17.9,2.7,4.01,3.28,0.151,0.2,0,0.6,0.571,0,1
Kosta Koufos,SAC,34.9,19.3,1,1.7,0.41,0.192,4.3,1.4,5.4,0.362,0.438,0.813
Kris Dunn,CHI,73.8,26.2,5.6,4.54,3.95,0.182,0.3,1,0.6,0.667,0.46,0.97
Kristaps Porzingis,NYK,61,40.2,1.7,1.64,0.55,0.371,5.4,8,4.3,0.669,0.687,0.83
Kyle Anderson,SAS,40.5,24.6,1.8,2.64,1.58,0.195,0.8,0.4,2.4,0.542,0.406,0.943
Kyle Collinsworth,DAL,24,11.7,1.5,3.66,3.01,0.132,0.4,0.5,1.3,0,0.176,0.439
Kyle Korver,CLE,21.5,16.3,0.5,1.37,0.52,0.429,0.2,0,0.5,0.588,1,0.8
Kyle Kuzma,LAL,48.1,27.2,1.8,2.19,1.19,0.335,1.3,1.6,2.4,0.515,0.508,0.941
Kyle Lowry,TOR,76.3,30.9,5.1,3.98,3.34,0.213,0.3,0.1,1.1,0.385,0.333,0.53
Kyle O'Quinn,NYK,38.1,20.5,1.2,1.83,0.32,0.187,2.8,1.2,3.7,0.443,0.394,0.993
Kyle Singler,OKC,4.8,3.6,0.1,1.85,1.45,0.264,0.2,0,0.5,2,0,1.2
Kyrie Irving,BOS,76.1,29.9,6.1,4.82,4.47,0.321,1,0.5,1.1,0.729,0.645,0.831
LaMarcus Aldridge,SAS,61,45.2,2.2,2.12,0.91,0.379,4,13.9,8.7,0.517,0.577,0.957
Lance Stephenson,IND,36.9,22.3,2.5,4.03,3.32,0.25,0.2,0.1,0.8,0.8,0.571,0.754
Lance Thomas,NYK,22.3,15.3,0.6,1.64,0.4,0.182,0.5,0.2,1.2,0.294,0.125,0.536
Langston Galloway,DET,20.5,13.4,1.1,3.11,2.56,0.303,0.2,0,0.3,0.429,0,0.563
Larry Drew II,NOP,14.3,5.3,1.3,5.35,4.92,0.119,0,0,0.3,0,0,0
Larry Nance Jr.,CLE,36.8,18.5,0.9,1.5,0.42,0.236,3.5,0.9,6.5,0.433,0.344,0.853
Lauri Markkanen,CHI,71.3,33.4,2,1.71,0.8,0.213,0.8,2.3,2.8,0.491,0.561,0.879
LeBron James,CLE,87.1,42.5,6.7,4.64,3.48,0.315,1.5,4.4,3.9,0.728,0.385,0.994
London Perrantes,CLE,8.6,3.1,0.8,5.54,4.78,0.058,0,0,0.2,0,0,0.667
Lonzo Ball,LAL,80.8,30.1,5.2,3.82,3.18,0.126,0.7,0.2,2.1,0.514,0.182,0.5
Lorenzo Brown,TOR,17.4,9.1,1.1,3.85,3.2,0.131,0.1,0,0.1,1,0,0
Lou Williams,LAC,65.5,34.5,4.3,3.98,3.12,0.342,0.4,0,0.8,0.941,2,0.836
Luc Mbah a Moute,HOU,26.4,16,0.8,1.85,1.01,0.279,0.6,0.3,1,0.824,0.333,0.9
Lucas Nogueira,TOR,11.7,6.7,0.2,1.04,0.19,0.213,0.8,0.1,1.9,0.125,0,0.895
Luis Montero,DET,3.5,1.5,0.3,5.06,3.43,0,0,0,0,0,0,0
Luke Babbitt,MIA,21.6,13.2,0.6,1.54,0.62,0.235,0.4,0.1,0.4,0.5,0.667,0.833
Luke Kennard,DET,22.9,18.9,1,2.61,1.7,0.334,0.7,0,0.6,0.694,0,0.535
Luke Kornet,NYK,32.7,19.6,0.7,1.35,0.44,0.205,0.7,0.8,2,0,0.733,0.974
Luol Deng,LAL,12,6,0.4,1.9,0.83,0.167,0,0,0,0,0,0
Malachi Richardson,TOR,14.8,11.7,0.5,1.93,0.89,0.232,0.1,0.1,0.2,1,0,0.8
Malcolm Brogdon,MIL,55.7,26.9,3.3,3.56,3.35,0.233,0.9,0.3,1.6,0.364,0.375,0.816
Malcolm Delaney,ATL,40.2,21.5,2.7,3.99,3.32,0.157,0.2,0,0.3,0.5,0,0.571
Malcolm Miller,TOR,9.8,7.1,0.3,1.74,0.75,0.259,0,0,0.3,0,0,1.2
Malik Beasley,DEN,9.4,6.7,0.3,2.01,1.29,0.337,0.2,0,0.4,0.545,0,1
Malik Monk,CHA,23.5,10.3,1.9,4.9,4.65,0.284,0.1,0,0.3,0.4,0,1
Mangok Mathiang,CHA,6.8,3.3,0.1,1.28,0.15,0.296,0.8,0,1.8,0.667,0,1.143
Manu Ginobili,SAS,33.6,24.1,1.8,3.25,2.37,0.264,0.3,0.1,0.6,0.118,0,0.707
MarShon Brooks,MEM,51,31,3.9,4.63,3.6,0.395,0.6,0.3,1,1.5,0,0.571
Marc Gasol,MEM,83.7,57.8,2.4,1.75,0.55,0.206,8,10.2,5.4,0.247,0.402,0.657
Marcin Gortat,WAS,41.9,21.7,1,1.45,0.31,0.201,4.8,2.2,7.2,0.334,0.584,0.77
Marco Belinelli,PHI,38,30.9,1.3,2.12,1.21,0.322,0.7,0,1.1,0.732,0,1.083
Marcus Georges-Hunt,MIN,4.1,3,0.2,3.01,2.04,0.339,0.1,0,0.1,0.667,0,0.4
Marcus Morris,BOS,45.6,28.2,1.6,2.12,1.11,0.296,1,2.4,1.8,0.784,0.597,0.946
Marcus Paige,CHA,12,5.8,1.1,5.3,4.77,0.2,0,0,0.2,0,0,0
Marcus Smart,BOS,57.8,30.8,3.7,3.84,3.11,0.179,0.6,1.5,1.6,0.586,0.32,0.536
Mario Chalmers,MEM,51.4,20.8,3.8,4.42,3.98,0.15,0.4,0,0.4,0.542,0.667,0.464
Mario Hezonja,ORL,35.5,21.1,1.4,2.39,1.29,0.271,0.7,0.2,1.1,0.571,0.308,0.975
Markel Brown,HOU,10.8,4.5,0.6,3.2,2.72,0.116,0,0.3,0,0,0,0
Markelle Fultz,PHI,43.6,15.3,3.7,5.02,4.7,0.164,0.5,0,1,0.571,0,1.143
Markieff Morris,WAS,38.1,25.7,1,1.57,0.53,0.302,2.4,3.5,3,0.439,0.552,0.886
Marquese Chriss,PHX,38.9,20.5,1,1.52,0.41,0.199,1.9,1.5,2.8,0.3,0.37,0.786
Marquis Teague,MEM,54.3,17.3,4.1,4.47,3.69,0.067,0,0,0,0,0,0
Marreese Speights,ORL,25.6,17.3,0.6,1.47,0.35,0.302,0.6,1.7,0.9,0.267,0.607,0.733
Marshall Plumlee,MIL,7.4,4.6,0.2,1.83,0.51,0.237,0.9,0.1,1.8,0.286,0,0.286
Marvin Williams,CHA,45.1,23.7,0.9,1.21,0.3,0.212,1.1,0.9,1.7,0.407,0.746,0.794
Mason Plumlee,DEN,31.3,20.3,1.1,2.05,0.93,0.227,2.1,1.6,5.4,0.386,0.446,0.821
Matt Costello,SAS,11,6,0.3,1.56,0.45,0.091,0.5,0.3,2,0,0,0.25
Matt Williams Jr.,MIA,3.7,3,0.1,2.23,1.73,0.455,0,0,0,0,0,0
Matthew Dellavedova,MIL,38.6,17,2.9,4.51,4.29,0.111,0.2,0.2,0.3,0,0,0.4
Maurice Harkless,POR,24.6,17,0.8,1.92,0.79,0.266,0.5,1,2.5,0.621,0.45,0.828
Maxi Kleber,DAL,20.1,12.4,0.5,1.4,0.33,0.267,0.9,0.4,2.5,0.388,0.645,0.923
Meyers Leonard,POR,14,8.5,0.4,1.75,0.36,0.242,1.1,0.3,1.5,0.676,1,0.804
Michael Beasley,NYK,41.8,26.4,1.5,2.11,0.94,0.31,4.1,3.6,3.1,0.567,0.543,0.934
Michael Carter-Williams,CHA,34.5,12.4,2.9,5.08,4.74,0.133,0.3,0.1,1.2,0.176,0,0.617
Michael Kidd-Gilchrist,CHA,23.7,15.9,0.9,2.19,1.56,0.389,0.9,0.5,2.1,0.631,0.743,0.837
Mike Conley,MEM,69,34.8,5.3,4.6,4.48,0.248,0.3,0,0.4,0,0,0.6
Mike James,NOP,46.4,15.6,4.2,5.4,5.31,0.201,0.2,0,0.5,0.375,0,0.111
Mike Muscala,ATL,31.2,18.7,0.7,1.28,0.36,0.245,1.8,0.2,2.3,0.379,0.333,0.76
Mike Scott,WAS,29.9,19.3,0.8,1.59,0.6,0.294,2.8,1.4,2.1,0.366,0.679,0.795
Miles Plumlee,ATL,24.4,15.1,0.7,1.62,0.47,0.176,4,0.5,4.4,0.198,0.333,0.713
Milos Teodosic,LAC,61.4,24.7,3.6,3.53,3,0.155,0.3,0,0.2,0.308,0,0.4
Milton Doyle,BKN,21.2,11.9,1.4,3.89,3.36,0.16,0.3,0,0.4,0,0,0.5
Mindaugas Kuzminskas,NYK,2,2,0.1,2.42,1,0,0,0,2,0,0,0
Mirza Teletovic,MIL,28.7,15.9,0.6,1.24,0.34,0.264,0.1,0.2,0.4,0,1,0.5
Monte Morris,DEN,20.3,8,1.8,5.33,5.33,0.164,0,0,0,0,0,0
Montrezl Harrell,LAC,27.5,17.2,0.9,1.96,0.86,0.4,1.9,2.3,4.7,0.753,0.773,1.02
Myke Henry,MEM,26.5,20.1,0.9,2.09,1.21,0.202,0.6,0.1,1.1,0.583,0,0.952
Myles Turner,IND,48.9,27.9,1.1,1.4,0.34,0.26,3.4,2.4,3.7,0.498,0.619,0.849
Nate Wolters,UTA,7.4,4.2,0.5,4.43,3.27,0.054,0,0,0,0,0,0
Naz Mitrou-Long,UTA,2,2,0,0.92,0.5,1.5,0,0,0,0,0,0
Nemanja Bjelica,MIN,32.1,16.8,0.9,1.72,0.74,0.211,0.3,0.2,1.4,0.522,0.267,0.979
Nene,HOU,24,14.1,0.6,1.62,0.44,0.273,3.3,0.6,4.2,0.637,0.781,0.761
Nerlens Noel,DAL,20.4,11.5,0.5,1.53,0.45,0.214,2.6,0.4,5.1,0.282,0.167,0.682
Nick Collison,OKC,9.6,5.8,0.3,1.65,0.61,0.208,0.9,0.1,1.4,0.917,2,0.944
Nick Young,GSW,19.5,14.4,0.7,2.03,1.23,0.372,0.3,0.1,0.4,0.87,0.333,1.065
Nicolas Batum,CHA,53.9,39.5,2.3,2.51,1.47,0.214,0.9,1.8,1.3,0.661,0.416,0.837
Nicolas Brussino,ATL,2,1.3,0.1,2.09,1.25,0,0,0,0.3,0,0,0
Nigel Hayes,SAC,21.3,12.8,0.6,1.71,0.48,0.141,1.4,0.8,0.3,0.154,0.571,0
Nik Stauskas,BKN,19.1,12.4,1,3,2.33,0.231,0.1,0,0.1,0,0,0.333
Nikola Jokic,DEN,86.2,51,3.1,2.13,0.99,0.214,4.2,7.5,6.3,0.318,0.455,0.803
Nikola Mirotic,NOP,56.2,27.2,1.7,1.81,0.72,0.278,0.9,2.8,3.3,0.725,0.558,0.961
Nikola Vucevic,ORL,65.4,42.9,1.8,1.69,0.58,0.252,5.2,6,6.8,0.453,0.363,0.887
Noah Vonleh,CHI,30.1,13.1,0.8,1.65,0.73,0.163,0.8,0.8,2.2,0.341,0.356,0.775
Norman Powell,TOR,21,14.6,0.9,2.71,2.22,0.262,0.2,0,0.3,0.733,0,0.611
OG Anunoby,TOR,18,13,0.5,1.76,0.97,0.33,0.2,0.1,1,0.647,0.167,0.944
Okaro White,CLE,20.2,8.7,0.5,1.4,0.26,0.165,0,0,0.7,0,0,1.25
Omari Johnson,MEM,27.8,16.5,0.7,1.56,0.37,0.198,1.3,0.3,1.3,0,0,0.8
Omer Asik,CHI,13.2,5.5,0.3,1.34,0.38,0.092,1.1,0.1,1.3,0.45,0,0.292
Omri Casspi,GSW,24.3,14,0.7,1.78,0.88,0.233,0.9,0.5,2.9,0.56,0.393,0.895
Otto Porter Jr.,WAS,48.4,28.6,1.7,2.16,1.13,0.305,1.5,0.7,2.4,0.679,0.6,0.914
PJ Dozier,OKC,2.5,1.5,0.1,2.68,2.2,0.4,0,0,0,0,0,0
PJ Tucker,HOU,32.3,15.9,0.7,1.38,0.56,0.188,0.6,0.1,1.4,0.042,0,0.518
Pascal Siakam,TOR,37.7,21.5,1.1,1.73,0.84,0.193,1,0.3,2.8,0.53,0.364,0.872
Pat Connaughton,POR,21.5,15.8,0.8,2.24,1.3,0.25,0.3,0,0.9,0.619,0,0.703
Patrick Beverley,LAC,63.5,30.8,4.2,3.93,3.61,0.192,0.8,0,1.3,0.222,0,0.429
Patrick McCaw,GSW,26.2,14.5,1.2,2.82,2.03,0.153,0.3,0,0.9,0.889,0,0.717
Patrick Patterson,OKC,20.7,11.5,0.5,1.32,0.43,0.18,0.4,0.3,0.8,0.276,0.455,0.651
Patty Mills,SAS,47.1,25,3.1,3.99,4.21,0.212,0.3,0,0.4,0.545,0,0.706
Pau Gasol,SAS,53.1,32.6,1.4,1.55,0.38,0.19,4.9,3.1,4.6,0.338,0.423,0.821
Paul George,OKC,56.7,37.7,2.8,2.99,2.28,0.388,0.9,1,1.7,0.486,0.403,0.699
Paul Millsap,DEN,48.8,33,1.9,2.34,1.29,0.299,1.2,4.4,3.1,0.591,0.581,0.828
Paul Zipser,CHI,28.8,15.9,1,1.99,1.14,0.14,0.3,0.1,0.6,0.143,1,0.6
Quincy Acy,BKN,32.8,20,0.7,1.27,0.25,0.18,0.5,0.2,0.9,0.429,0.357,0.629
Quincy Pondexter,CHI,12.4,7.6,0.4,1.93,0.91,0.157,0.1,0,0.9,1.333,0,0.65
Quinn Cook,GSW,49.7,24.1,3.1,3.69,3.73,0.19,0.6,0,0.8,0.476,0,0.571
RJ Hunter,HOU,12.8,5.8,0.9,4.45,4.11,0.297,0,0,0.4,0,0,2.5
Rajon Rondo,NOP,69.3,25.3,4.7,4.08,3.44,0.119,0.6,0.1,1.1,0.158,0,0.377
Ramon Sessions,WAS,32,11.7,2.7,5,4.74,0.152,0.2,0,0.3,1.167,0,0.444
Rashad Vaughn,ORL,7.8,5.7,0.3,2.02,1.39,0.295,0.1,0,0.1,2,0,0.75
Raul Neto,UTA,27.6,12.2,2.1,4.63,4.59,0.162,0.2,0,0.4,0.571,0,1
Raymond Felton,OKC,35.4,13.7,3.2,5.46,5.06,0.193,0.2,0,0.3,0.706,0,0.818
Reggie Bullock,DET,30.2,25,0.8,1.66,0.66,0.372,0.6,0,1.7,0.65,0,0.877
Reggie Hearn,DET,1,1,0.1,3.88,2.33,1,0,0,0,0,0,0
Reggie Jackson,DET,68.8,22.8,6.3,5.53,5.26,0.212,0.3,0.1,0.7,0.571,0.5,0.485
Richard Jefferson,DEN,9,6.3,0.3,2.33,1.26,0.168,0.1,0,0.8,0,0,0.6
Richaun Holmes,PHI,27.6,18.6,0.7,1.42,0.42,0.238,3.9,0.4,3.9,0.16,0.444,1.027
Ricky Rubio,UTA,77.2,33,5.9,4.61,4.36,0.17,0.5,0,0.4,0.343,0,0.235
Robert Covington,PHI,46.9,30,1.1,1.44,0.47,0.271,0.8,0.1,1.5,0.468,0.571,0.78
Robin Lopez,CHI,34.9,28.8,1.1,1.84,0.74,0.338,6.4,4.1,6.8,0.538,0.41,0.843
Rodney Hood,CLE,37.8,27.8,1.9,3.03,2.26,0.389,0.5,0.2,0.7,0.844,0.917,0.568
Rodney McGruder,MIA,19.4,13.7,0.6,1.91,1.11,0.261,0.5,0,1.4,0.444,0,0.885
Rodney Purvis,ORL,21.3,15.3,0.9,2.49,1.85,0.282,0.4,0,0.3,0,0,0
Ron Baker,NYK,19.2,12.2,0.9,2.95,2.41,0.112,0.1,0,0.4,0.5,0,1
Rondae Hollis-Jefferson,BKN,59.8,34.1,2.1,2.07,1.2,0.231,2.3,4.2,4.2,0.572,0.535,0.7
Royce O'Neale,UTA,22.1,14.4,1,2.81,2.3,0.225,0.3,0,0.6,0.429,0,0.526
Rudy Gay,SAS,40.1,21.9,1.6,2.44,1.39,0.287,1.6,3.1,2.3,0.404,0.701,0.955
Rudy Gobert,UTA,59.5,33.7,1.5,1.49,0.35,0.227,6.7,0.6,10.8,0.405,0.143,0.88
Russell Westbrook,OKC,96.1,30.6,9.2,5.72,5.33,0.263,1.2,0.9,2.1,0.696,0.58,0.675
Ryan Anderson,HOU,31,18.8,0.7,1.39,0.45,0.301,0.4,0.3,1.7,0.28,0.667,0.699
Ryan Arcidiacono,CHI,24.5,8.9,1.5,3.78,3.47,0.082,0,0,0.1,0,0,1
Salah Mejri,DAL,17.3,9,0.4,1.45,0.33,0.203,1.9,0.2,3.2,0.342,0.833,0.809
Sam Dekker,LAC,18.4,9.8,0.5,1.67,0.86,0.224,0.3,0.1,1.4,1.273,0.333,0.879
Scotty Hopson,DAL,7,2,0.3,2.18,1.71,0.143,0,0,0,0,0,0
Sean Kilpatrick,CHI,17.9,11.8,0.9,3.09,2.53,0.354,0.3,0,0.3,0.625,0,0.692
Semi Ojeleye,BOS,20.3,10.5,0.5,1.59,0.56,0.137,0.2,0.1,0.7,0.471,0,0.532
Serge Ibaka,TOR,42.1,25.5,1.1,1.62,0.46,0.3,1.3,1.1,2.5,0.735,0.889,0.865
Shabazz Muhammad,MIL,10.6,8.4,0.4,2.19,1.33,0.468,0.5,1.1,1.5,1.045,0.66,0.922
Shabazz Napier,POR,36.1,16.8,2.8,4.61,4.24,0.241,0.3,0,0.6,0.391,0,0.415
Shane Larkin,BOS,27.4,12.3,2.1,4.61,4.61,0.166,0.2,0,0.3,0.625,0,0.692
Shaquille Harrison,PHX,33.4,14.3,2.4,4.22,3.81,0.198,0.1,0,0.7,0,0,0.733
Shaun Livingston,GSW,32.8,14.6,1.9,3.43,2.89,0.169,0.7,1.2,1.7,0.633,0.593,0.828
Shelvin Mack,ORL,43.6,17.9,3.6,4.88,4.74,0.157,0.3,0.1,0.3,0.5,0,0.739
Sindarius Thornwell,LAC,17.7,11.2,0.6,2.16,1.46,0.214,0.2,0,0.8,0.4,0,0.661
Skal Labissiere,SAC,33.9,21.1,1,1.84,0.52,0.258,4,3.8,4.2,0.315,0.408,0.693
Solomon Hill,NOP,20.6,10.3,0.8,2.21,1.45,0.117,0.5,0.1,1.3,0,0,0.313
Spencer Dinwiddie,BKN,70.7,28.9,6,5.07,4.28,0.179,0.1,0,0.5,0.2,2,0.902
Stanley Johnson,DET,28.4,20.6,1.4,2.94,2.07,0.305,0.3,0.4,0.8,0.45,0.4,0.769
Stephen Curry,GSW,77,31.1,5.1,3.97,3.71,0.343,1.1,0.2,1.6,0.945,0.667,0.901
Sterling Brown,MIL,16,9.9,0.5,1.88,1.17,0.251,0.3,0,0.5,0.471,0,0.577
Steven Adams,OKC,40,26,0.9,1.41,0.34,0.348,5,2,13,0.614,0.682,0.813
T.J. McConnell,PHI,53.2,21.5,3.6,4.04,3.75,0.117,0.3,0,0.7,0.667,0,0.444
TJ Leaf,IND,11.7,6.5,0.3,1.47,0.47,0.251,0.4,0.2,0.9,0.5,0.5,0.86
TJ Warren,PHX,45.1,34.3,1.7,2.31,1.46,0.434,3.2,1.8,4.6,0.74,0.686,1.054
Taj Gibson,MIN,49.8,27.2,1.2,1.48,0.56,0.245,3.7,2.7,7.1,0.521,0.628,0.91
Tarik Black,HOU,18.6,9.3,0.5,1.71,0.37,0.19,1.1,0.2,2.8,0.732,0.25,0.785
Taurean Prince,ATL,48,32.9,2.1,2.62,1.63,0.294,0.3,0.1,0.8,0.5,0.4,0.902
Terrance Ferguson,OKC,8.2,6.7,0.2,1.41,0.72,0.389,0.3,0,0.5,0.933,0,0.621
Terrence Ross,ORL,29.8,21.1,1.1,2.22,1.44,0.292,0.5,0.1,0.4,0.308,0,1.1
Terry Rozier,BOS,58.2,24.7,4.1,4.18,3.68,0.197,0.5,0,0.9,0.343,2,0.429
Thabo Sefolosha,UTA,34.2,20.9,1.1,1.97,1.04,0.24,1.1,0.1,1.6,0.775,0,0.814
Thaddeus Young,IND,48.7,26.4,1.4,1.7,0.7,0.242,2,3.4,4.9,0.5,0.505,0.885
Thomas Bryant,LAL,6.8,3.7,0.2,1.5,0.34,0.216,0.5,0.3,0.7,0,0,1
Thon Maker,MIL,22.5,11.9,0.5,1.46,0.22,0.215,2,0.2,3,0.26,0.333,0.573
Tim Frazier,WAS,32.7,10,2.7,4.94,4.64,0.091,0.2,0,0.4,0.182,0,0.217
Tim Hardaway Jr.,NYK,53.9,39.9,2.2,2.49,1.45,0.324,1.1,0,1.2,0.823,0,1.086
Tim Quarterman,HOU,8.7,3,0.7,4.77,4.12,0.154,0,0,0,0,0,0
Timofey Mozgov,BKN,18.4,12.2,0.4,1.41,0.38,0.241,1.3,1.2,3.1,0.432,0.389,0.733
Timothe Luwawu-Cabarrot,PHI,20.2,16.2,0.6,1.69,0.94,0.284,0.2,0,0.9,1.111,0,0.844
Tobias Harris,LAC,70.2,37.9,2.5,2.12,1.18,0.262,0.9,1.7,1.6,0.735,0.752,0.721
Tomas Satoransky,WAS,48.1,18.4,3.5,4.36,4.25,0.149,0.4,0.2,1.5,0.387,0.769,0.72
Tony Allen,NOP,14.3,8.5,0.5,2.09,1.32,0.327,0.5,0.2,2.2,0.909,0.5,0.729
Tony Bradley,UTA,4.3,2.7,0.1,1.53,0.49,0.205,0.9,0.2,0.8,0.5,0,0.571
Tony Parker,SAS,46.2,15.4,4.3,5.55,5.88,0.166,0.4,0,0.3,0.2,0,0.444
Tony Snell,MIL,25.7,16.7,0.7,1.58,0.75,0.266,0.3,0,0.4,0.792,0,0.714
Torrey Craig,DEN,16.9,10.7,0.5,1.79,0.92,0.248,0.2,0.1,1.8,0.444,0,0.841
Travis Wear,LAL,19.5,9.8,0.4,1.38,0.53,0.227,0.2,0.3,0.2,1,0.8,1
Treveon Graham,CHA,19.4,11.7,0.5,1.68,0.83,0.223,0.3,0.1,0.9,0.35,0,0.667
Trevor Ariza,HOU,38,26.5,1.1,1.8,0.87,0.307,0.3,0.1,0.8,0.739,0.286,0.404
Trevor Booker,IND,34,19.3,0.9,1.66,0.6,0.187,2,1.8,3.8,0.478,0.39,0.763
Trey Burke,NYK,55.9,21,4.8,5.11,4.88,0.229,0.3,0.1,0.4,0.364,0.667,1
Trey Lyles,DEN,35.5,20.2,1.2,1.95,0.86,0.279,0.7,1.8,2,0.82,0.541,0.972
Trey McKinney-Jones,IND,1,1,0,2.28,0,0,0,0,0,0,0,0
Tristan Thompson,CLE,28.3,12.9,0.7,1.52,0.44,0.205,1.9,0.5,5.7,0.466,0.385,0.717
Troy Daniels,PHX,24.4,18.6,0.7,1.73,1.04,0.364,0.4,0,0.2,0.645,1,0.588
Troy Williams,NYK,19.2,14.3,0.5,1.69,0.74,0.33,0.4,0,1.7,1.125,0,0.829
Tyler Cavanaugh,ATL,22.2,13.1,0.5,1.32,0.36,0.217,1.4,0.1,1.8,0.148,0,0.686
Tyler Dorsey,ATL,26.8,19.4,1.3,2.92,2.23,0.27,0.3,0,0.5,0.471,0,0.643
Tyler Ennis,LAL,28.3,10.9,2.1,4.4,4.06,0.147,0.3,0,0.4,0.75,0,0.571
Tyler Johnson,MIA,42.1,27.6,2,2.87,2.27,0.275,0.5,0,0.7,0.486,0,0.585
Tyler Lydon,DEN,4,3,0.1,1.01,0.5,0,0,0,1,0,0,0
Tyler Ulis,PHX,54.2,17.7,4.6,5.14,5.38,0.144,0.4,0,0.3,0.16,0,0.389
Tyler Zeller,MIL,22.1,15,0.5,1.33,0.35,0.296,2.2,0.4,4.6,0.486,0.519,0.911
Tyreke Evans,MEM,72.9,37.4,5.8,4.79,4.08,0.266,0.5,0.4,1.3,0.643,0.5,0.536
Tyrone Wallace,LAC,44.2,21.9,2.3,3.14,2.69,0.22,0.7,0.3,1.3,0.762,0.667,0.625
Tyson Chandler,PHX,33.9,18.3,0.9,1.56,0.28,0.192,3.4,0.5,6.6,0.173,0.091,0.875
Tyus Jones,MIN,38.3,12.8,3.1,4.81,4.27,0.132,0.2,0,0.3,0.316,0,0.769
Udonis Haslem,MIA,5.1,3.9,0.2,2.04,0.66,0.113,0.6,0.6,0.4,0,0.25,0.667
Vander Blue,LAL,5.6,4.2,0.3,2.75,1.79,0.107,0,0,0,0,0,0
Victor Oladipo,IND,64.3,36,4.4,4.13,3.6,0.36,1.1,0,1.1,0.585,0,0.894
Vince Carter,SAC,28.3,18.4,0.9,1.94,0.71,0.191,0.9,1.3,0.7,0.154,0.333,0.286
Vincent Hunter,MEM,2.8,2,0.1,1.91,1.27,0.545,0.3,0.5,0.8,2,1,0.667
Wade Baldwin IV,POR,18.3,8,1.4,4.52,4.02,0.297,0,0,0.3,0,0,0.5
Walter Lemon Jr.,NOP,12.6,5.8,0.9,4.22,3.68,0.27,0,0,0,0,0,0
Wayne Ellington,MIA,29.9,23.9,0.8,1.59,0.77,0.376,0.3,0,0.4,0.583,3,0.677
Wayne Selden,MEM,29.1,23.1,1.5,3.03,2.24,0.32,0.3,0,0.5,0.5,0,0.632
Wes Iwundu,ORL,18.3,11.3,0.7,2.45,1.57,0.202,0.3,0,1,0.8,0,0.852
Wesley Johnson,LAC,20.8,13.2,0.5,1.45,0.59,0.262,0.4,0.1,0.9,0.654,0.5,0.783
Wesley Matthews,DAL,46.8,34.5,1.8,2.28,1.41,0.272,1.4,2.5,1.2,0.124,0.346,0.513
Will Barton,DEN,58.5,33.3,3.8,3.89,3.09,0.268,0.5,0.1,1.4,0.667,0,1.009
Willie Cauley-Stein,SAC,54.8,33,1.7,1.85,0.64,0.233,7.1,3.9,6.6,0.346,0.489,0.831
Willie Reed,DET,12.5,7.2,0.4,1.7,0.59,0.372,1.1,1,2.9,0.6,0.442,1.132
Willy Hernangomez,CHA,18.5,10,0.5,1.7,0.54,0.276,1.9,1.4,3.2,0.319,0.406,0.771
Wilson Chandler,DEN,38.4,27,1.5,2.38,1.28,0.26,0.5,1.4,3.3,0.286,0.413,0.653
Xavier Munford,MIL,7.3,2.8,0.6,4.82,3.98,0.068,0.2,0,0,0,0,0
Xavier Rathan-Mayes,MEM,54.8,22.6,3.8,4.14,3.52,0.106,0,0,0.6,0,0,0.333
Xavier Silas,BOS,4.5,3.5,0.2,2.22,1.56,0,0.5,0,0.5,0,0,0
Yogi Ferrell,DAL,45.7,22,3,3.97,3.45,0.224,0.6,0,0.4,0.271,0,0.606
Zach Collins,POR,19,12,0.6,1.85,0.69,0.232,0.8,1.4,1.6,0.4,0.323,0.689
Zach LaVine,CHI,46.1,28.7,3.3,4.34,3.73,0.362,0.3,0.2,0.8,1,0.5,1
Zach Randolph,SAC,51.3,35.8,1.8,2.07,0.84,0.283,4.3,8.5,4.4,0.295,0.529,0.927
Zaza Pachulia,GSW,26.1,15.6,0.6,1.48,0.44,0.207,2.4,1.2,3.9,0.545,0.247,0.822
Zhou Qi,HOU,8.2,4.4,0.2,1.47,0.49,0.149,0.2,0.2,0.7,0.5,,